instant,dteday,hr,holiday,weekday,weathersit,temp,atemp,hum,windspeed,casual,registered,cnt
1,2011-01-01,0,False,6,1,0.24,0.24,0.81,0.0,3.0,13.0,16.0
2,2011-01-01,1,False,6,1,0.22,0.22,0.8,0.0,8.0,32.0,40.0
3,2011-01-01,2,False,6,1,0.22,0.22,0.8,0.0,5.0,27.0,32.0
4,2011-01-01,3,False,6,1,0.24,0.24,0.75,0.0,3.0,10.0,13.0
5,2011-01-01,4,False,6,1,0.24,0.24,0.75,0.0,0.0,1.0,1.0
6,2011-01-01,5,False,6,2,0.24,0.24,0.75,0.0896,0.0,1.0,1.0
7,2011-01-01,6,False,6,1,0.22,0.22,0.8,0.0,2.0,0.0,2.0
8,2011-01-01,7,False,6,1,0.2,0.2,0.86,0.0,1.0,2.0,3.0
9,2011-01-01,8,False,6,1,0.24,0.24,0.75,0.0,1.0,7.0,8.0
10,2011-01-01,9,False,6,1,0.32,0.32,0.76,0.0,8.0,6.0,14.0
11,2011-01-01,10,False,6,1,0.20590000000000003,0.20590000000000003,0.76,0.2537,12.0,24.0,36.0
12,2011-01-01,11,False,6,1,0.36,0.36,0.81,0.2836,4.921,30.0,56.0
13,2011-01-01,12,False,6,1,0.20590000000000003,0.20590000000000003,0.77,0.2836,4.921,55.0,84.0
14,2011-01-01,13,False,6,2,0.20590000000000003,0.20590000000000003,0.72,0.2985,4.921,47.0,94.0
15,2011-01-01,14,False,6,2,0.20590000000000003,0.20590000000000003,0.72,0.2836,4.921,71.0,106.0
16,2011-01-01,15,False,6,2,0.20590000000000003,0.20590000000000003,0.77,0.2985,4.921,70.0,110.0
17,2011-01-01,16,False,6,2,0.20590000000000003,0.20590000000000003,0.82,0.2985,4.921,52.0,93.0
18,2011-01-01,17,False,6,2,0.20590000000000003,0.20590000000000003,0.82,0.2836,4.921,52.0,67.0
19,2011-01-01,18,False,6,3,0.20590000000000003,0.20590000000000003,0.88,0.2537,9.0,26.0,35.0
20,2011-01-01,19,False,6,3,0.20590000000000003,0.20590000000000003,0.88,0.2537,6.0,31.0,37.0
21,2011-01-01,20,False,6,2,0.20590000000000003,0.20590000000000003,0.87,0.2537,11.0,25.0,36.0
22,2011-01-01,21,False,6,2,0.20590000000000003,0.20590000000000003,0.87,0.194,3.0,31.0,34.0
23,2011-01-01,22,False,6,2,0.20590000000000003,0.20590000000000003,0.94,0.2239,11.0,17.0,28.0
24,2011-01-01,23,False,6,2,0.20590000000000003,0.20590000000000003,0.88,0.2985,4.921,24.0,39.0
25,2011-02-01,0,False,0,2,0.20590000000000003,0.20590000000000003,0.88,0.2985,4.0,13.0,17.0
26,2011-02-01,1,False,0,2,0.20590000000000003,0.20590000000000003,0.94,0.2537,1.0,16.0,17.0
27,2011-02-01,2,False,0,2,0.20590000000000003,0.20590000000000003,1.0,0.2836,1.0,8.0,9.0
28,2011-02-01,3,False,0,2,0.20590000000000003,0.20590000000000003,0.94,0.194,2.0,4.0,6.0
29,2011-02-01,4,False,0,2,0.20590000000000003,0.20590000000000003,0.94,0.194,2.0,1.0,3.0
30,2011-02-01,6,False,0,3,0.20590000000000003,0.20590000000000003,0.77,0.2985,0.0,2.0,2.0
31,2011-02-01,7,False,0,2,0.20590000000000003,0.20590000000000003,0.76,0.194,0.0,1.0,1.0
32,2011-02-01,8,False,0,3,0.20590000000000003,0.20590000000000003,0.71,0.2239,0.0,8.0,8.0
33,2011-02-01,9,False,0,2,0.20590000000000003,0.20590000000000003,0.76,0.2239,1.0,19.0,20.0
34,2011-02-01,10,False,0,2,0.36,0.36,0.81,0.2239,7.0,46.0,53.0
35,2011-02-01,11,False,0,2,0.36,0.36,0.71,0.2537,4.921,54.0,70.0
36,2011-02-01,12,False,0,2,0.36,0.36,0.66,0.2985,4.921,73.0,93.0
37,2011-02-01,13,False,0,2,0.36,0.36,0.66,0.1343,11.0,64.0,75.0
38,2011-02-01,14,False,0,3,0.36,0.36,0.76,0.194,4.0,55.0,59.0
39,2011-02-01,15,False,0,3,0.34,0.34,0.81,0.1642,4.921,55.0,74.0
40,2011-02-01,16,False,0,3,0.34,0.34,0.71,0.1642,9.0,67.0,76.0
41,2011-02-01,17,False,0,1,0.34,0.34,0.57,0.194,7.0,58.0,65.0
42,2011-02-01,18,False,0,2,0.36,0.36,0.46,0.3284,10.0,43.0,53.0
43,2011-02-01,19,False,0,1,0.32,0.32,0.42,0.4478,1.0,29.0,30.0
44,2011-02-01,20,False,0,1,0.3,0.3,0.39,0.3582,5.0,17.0,22.0
45,2011-02-01,21,False,0,1,0.26,0.26,0.44,0.3284,11.0,20.0,31.0
46,2011-02-01,22,False,0,1,0.24,0.24,0.44,0.2985,0.0,9.0,9.0
47,2011-02-01,23,False,0,1,0.22,0.22,0.47,0.1642,0.0,8.0,8.0
48,2011-03-01,0,False,1,1,0.22,0.22,0.44,0.3582,0.0,5.0,5.0
49,2011-03-01,1,False,1,1,0.2,0.2,0.44,0.4179,0.0,2.0,2.0
50,2011-03-01,4,False,1,1,0.16,0.16,0.47,0.3881,0.0,1.0,1.0
51,2011-03-01,5,False,1,1,0.16,0.16,0.47,0.2836,0.0,3.0,3.0
52,2011-03-01,6,False,1,1,0.14,0.14,0.5,0.3881,0.0,30.0,30.0
53,2011-03-01,7,False,1,1,0.14,0.14,0.5,0.194,1.0,63.0,64.0
54,2011-03-01,8,False,1,1,0.14,0.14,0.5,0.2836,1.0,53.383,154.0
55,2011-03-01,9,False,1,1,0.16,0.16,0.43,0.3881,7.0,81.0,88.0
56,2011-03-01,10,False,1,1,0.18,0.18,0.43,0.2537,11.0,33.0,44.0
57,2011-03-01,11,False,1,1,0.2,0.2,0.4,0.3284,10.0,41.0,51.0
58,2011-03-01,12,False,1,1,0.22,0.22,0.35,0.2985,4.921,48.0,61.0
59,2011-03-01,13,False,1,1,0.24,0.24,0.35,0.2836,8.0,53.0,61.0
60,2011-03-01,14,False,1,1,0.26,0.26,0.3,0.2836,11.0,66.0,77.0
61,2011-03-01,15,False,1,1,0.26,0.26,0.3,0.2537,4.921,58.0,72.0
62,2011-03-01,16,False,1,1,0.26,0.26,0.3,0.2537,9.0,67.0,76.0
63,2011-03-01,17,False,1,1,0.24,0.24,0.3,0.2239,11.0,53.383,157.0
64,2011-03-01,18,False,1,1,0.24,0.24,0.32,0.1045,9.0,53.383,157.0
65,2011-03-01,19,False,1,1,0.2,0.2,0.47,0.0,8.0,102.0,110.0
66,2011-03-01,20,False,1,1,0.2,0.2,0.47,0.1045,3.0,49.0,52.0
67,2011-03-01,21,False,1,1,0.18,0.18,0.64,0.1343,3.0,49.0,52.0
68,2011-03-01,22,False,1,1,0.14,0.14,0.69,0.1343,0.0,20.0,20.0
69,2011-03-01,23,False,1,1,0.18,0.18,0.55,0.1045,1.0,11.0,12.0
70,2011-04-01,0,False,2,1,0.16,0.16,0.55,0.1045,0.0,5.0,5.0
71,2011-04-01,1,False,2,1,0.16,0.16,0.59,0.1045,0.0,2.0,2.0
72,2011-04-01,2,False,2,1,0.14,0.14,0.63,0.1343,0.0,1.0,1.0
73,2011-04-01,4,False,2,1,0.14,0.14,0.63,0.0896,0.0,2.0,2.0
74,2011-04-01,5,False,2,1,0.12,0.12,0.68,0.1045,0.0,4.0,4.0
75,2011-04-01,6,False,2,1,0.12,0.12,0.74,0.1045,0.0,36.0,36.0
76,2011-04-01,7,False,2,1,0.12,0.12,0.74,0.1343,2.0,92.0,94.0
77,2011-04-01,8,False,2,1,0.14,0.14,0.69,0.1642,2.0,53.383,58.304
78,2011-04-01,9,False,2,1,0.16,0.16,0.64,0.2239,2.0,98.0,100.0
79,2011-04-01,10,False,2,2,0.16,0.16,0.69,0.3284,5.0,37.0,42.0
80,2011-04-01,11,False,2,1,0.22,0.22,0.51,0.2985,7.0,50.0,57.0
81,2011-04-01,12,False,2,1,0.22,0.22,0.51,0.1642,12.0,66.0,78.0
82,2011-04-01,13,False,2,1,0.24,0.24,0.56,0.194,4.921,79.0,97.0
83,2011-04-01,14,False,2,1,0.26,0.26,0.52,0.2239,9.0,54.0,63.0
84,2011-04-01,15,False,2,1,0.28,0.28,0.52,0.2537,4.921,48.0,65.0
85,2011-04-01,16,False,2,1,0.3,0.3,0.49,0.2537,4.921,68.0,83.0
86,2011-04-01,17,False,2,1,0.28,0.28,0.48,0.2239,10.0,53.383,58.304
87,2011-04-01,18,False,2,1,0.26,0.26,0.48,0.194,3.0,53.383,58.304
88,2011-04-01,19,False,2,1,0.24,0.24,0.48,0.1045,2.0,110.0,112.0
89,2011-04-01,20,False,2,1,0.24,0.24,0.48,0.1045,1.0,53.0,54.0
90,2011-04-01,21,False,2,1,0.22,0.22,0.64,0.0,0.0,48.0,48.0
91,2011-04-01,22,False,2,1,0.22,0.22,0.64,0.0896,1.0,34.0,35.0
92,2011-04-01,23,False,2,1,0.2,0.2,0.69,0.0896,2.0,9.0,11.0
93,2011-05-01,0,False,3,1,0.2,0.2,0.64,0.0,0.0,6.0,6.0
94,2011-05-01,1,False,3,1,0.16,0.16,0.74,0.0896,0.0,6.0,6.0
95,2011-05-01,2,False,3,1,0.16,0.16,0.74,0.0896,0.0,2.0,2.0
96,2011-05-01,4,False,3,1,0.24,0.24,0.48,0.2239,0.0,2.0,2.0
97,2011-05-01,5,False,3,1,0.22,0.22,0.47,0.1642,0.0,3.0,3.0
98,2011-05-01,6,False,3,1,0.2,0.2,0.47,0.2239,0.0,33.0,33.0
99,2011-05-01,7,False,3,1,0.18,0.18,0.43,0.194,1.0,87.0,88.0
100,2011-05-01,8,False,3,1,0.2,0.2,0.4,0.2985,3.0,53.383,58.304
101,2011-05-01,9,False,3,1,0.22,0.22,0.37,0.3284,6.0,109.0,115.0
102,2011-05-01,10,False,3,1,0.22,0.22,0.37,0.3284,4.0,53.0,57.0
103,2011-05-01,11,False,3,1,0.26,0.26,0.33,0.3284,12.0,34.0,46.0
104,2011-05-01,12,False,3,1,0.26,0.26,0.33,0.3284,5.0,74.0,79.0
105,2011-05-01,13,False,3,1,0.28,0.28,0.3,0.2985,6.0,65.0,71.0
106,2011-05-01,14,False,3,1,0.3,0.3,0.28,0.194,10.0,52.0,62.0
107,2011-05-01,15,False,3,1,0.3,0.3,0.28,0.194,7.0,55.0,62.0
108,2011-05-01,16,False,3,1,0.3,0.3,0.28,0.0896,4.0,85.0,89.0
109,2011-05-01,17,False,3,1,0.24,0.24,0.38,0.194,4.0,53.383,58.304
110,2011-05-01,18,False,3,1,0.24,0.24,0.38,0.1343,3.0,53.383,58.304
111,2011-05-01,19,False,3,1,0.24,0.24,0.38,0.1045,5.0,127.0,132.0
112,2011-05-01,20,False,3,1,0.22,0.22,0.47,0.1642,7.0,82.0,89.0
113,2011-05-01,21,False,3,1,0.2,0.2,0.51,0.194,3.0,40.0,43.0
114,2011-05-01,22,False,3,1,0.18,0.18,0.55,0.1343,1.0,41.0,42.0
115,2011-05-01,23,False,3,1,0.2,0.2,0.47,0.0,1.0,18.0,19.0
116,2011-06-01,0,False,4,1,0.18,0.18,0.55,0.0,0.0,11.0,11.0
117,2011-06-01,1,False,4,1,0.16,0.16,0.64,0.0,0.0,4.0,4.0
118,2011-06-01,2,False,4,1,0.16,0.16,0.64,0.0,0.0,2.0,2.0
119,2011-06-01,4,False,4,2,0.16,0.16,0.64,0.0896,0.0,1.0,1.0
120,2011-06-01,5,False,4,2,0.14,0.14,0.69,0.0896,0.0,4.0,4.0
121,2011-06-01,6,False,4,2,0.14,0.14,0.63,0.1045,0.0,36.0,36.0
122,2011-06-01,7,False,4,2,0.16,0.16,0.59,0.0,0.0,95.0,95.0
123,2011-06-01,8,False,4,1,0.16,0.16,0.59,0.0,3.0,53.383,58.304
124,2011-06-01,9,False,4,2,0.18,0.18,0.51,0.0,6.0,116.0,122.0
125,2011-06-01,10,False,4,1,0.2,0.2,0.47,0.0,3.0,42.0,45.0
126,2011-06-01,11,False,4,1,0.22,0.22,0.44,0.0896,2.0,57.0,59.0
127,2011-06-01,12,False,4,1,0.26,0.26,0.35,0.0,6.0,78.0,84.0
128,2011-06-01,13,False,4,1,0.26,0.26,0.35,0.1045,12.0,55.0,67.0
129,2011-06-01,14,False,4,1,0.28,0.28,0.36,0.1642,11.0,59.0,70.0
130,2011-06-01,15,False,4,1,0.28,0.28,0.36,0.0,8.0,54.0,62.0
131,2011-06-01,16,False,4,1,0.26,0.26,0.38,0.1642,12.0,74.0,86.0
132,2011-06-01,17,False,4,1,0.22,0.22,0.51,0.1642,9.0,53.383,58.304
133,2011-06-01,18,False,4,1,0.22,0.22,0.51,0.1343,5.0,53.383,58.304
134,2011-06-01,19,False,4,1,0.22,0.22,0.55,0.0896,3.0,109.0,112.0
135,2011-06-01,20,False,4,1,0.2,0.2,0.51,0.1642,3.0,66.0,69.0
136,2011-06-01,21,False,4,2,0.22,0.22,0.55,0.2239,0.0,48.0,48.0
137,2011-06-01,22,False,4,2,0.22,0.22,0.51,0.2836,1.0,51.0,52.0
138,2011-06-01,23,False,4,2,0.2,0.2,0.59,0.194,4.0,19.0,23.0
139,2011-07-01,0,False,5,2,0.2,0.2,0.64,0.194,4.0,13.0,17.0
140,2011-07-01,1,False,5,2,0.2,0.2,0.69,0.2239,2.0,5.0,7.0
141,2011-07-01,2,False,5,2,0.2,0.2,0.69,0.2239,0.0,1.0,1.0
142,2011-07-01,4,False,5,2,0.2,0.2,0.69,0.1343,0.0,1.0,1.0
143,2011-07-01,5,False,5,3,0.22,0.22,0.55,0.0,0.0,5.0,5.0
144,2011-07-01,6,False,5,2,0.2,0.2,0.69,0.0,8.0,26.0,34.0
145,2011-07-01,7,False,5,1,0.2,0.2,0.69,0.1343,8.0,76.0,84.0
146,2011-07-01,8,False,5,1,0.2,0.2,0.51,0.2537,4.921,53.383,58.304
147,2011-07-01,9,False,5,1,0.2,0.2,0.47,0.2985,9.0,125.0,134.0
148,2011-07-01,10,False,5,1,0.22,0.22,0.37,0.3284,4.921,47.0,63.0
149,2011-07-01,11,False,5,2,0.2,0.2,0.4,0.2239,4.921,48.0,67.0
150,2011-07-01,12,False,5,2,0.2,0.2,0.37,0.2537,9.0,50.0,59.0
151,2011-07-01,13,False,5,2,0.2,0.2,0.37,0.2836,9.0,64.0,73.0
152,2011-07-01,14,False,5,2,0.2,0.2,0.4,0.2537,7.0,43.0,50.0
153,2011-07-01,15,False,5,2,0.2,0.2,0.37,0.1642,9.0,63.0,72.0
154,2011-07-01,16,False,5,2,0.2,0.2,0.37,0.1642,5.0,82.0,87.0
155,2011-07-01,17,False,5,2,0.2,0.2,0.37,0.0,9.0,53.383,58.304
156,2011-07-01,18,False,5,1,0.2,0.2,0.4,0.0896,7.0,116.0,123.0
157,2011-07-01,19,False,5,1,0.16,0.16,0.55,0.0896,3.0,92.0,95.0
158,2011-07-01,20,False,5,1,0.18,0.18,0.47,0.1045,1.0,50.0,51.0
159,2011-07-01,21,False,5,1,0.18,0.18,0.47,0.1343,0.0,39.0,39.0
160,2011-07-01,22,False,5,2,0.18,0.18,0.43,0.1642,2.0,34.0,36.0
161,2011-07-01,23,False,5,2,0.18,0.18,0.51,0.1642,1.0,14.0,15.0
162,2011-08-01,0,False,6,2,0.18,0.18,0.51,0.1642,1.0,24.0,25.0
163,2011-08-01,1,False,6,2,0.18,0.18,0.55,0.0896,1.0,15.0,16.0
164,2011-08-01,2,False,6,2,0.18,0.18,0.55,0.0,3.0,13.0,16.0
165,2011-08-01,3,False,6,3,0.18,0.18,0.55,0.1642,0.0,7.0,7.0
166,2011-08-01,4,False,6,3,0.18,0.18,0.55,0.1642,0.0,1.0,1.0
167,2011-08-01,5,False,6,2,0.16,0.16,0.74,0.1642,0.0,5.0,5.0
168,2011-08-01,6,False,6,2,0.16,0.16,0.74,0.1642,0.0,2.0,2.0
169,2011-08-01,7,False,6,2,0.16,0.16,0.74,0.1045,1.0,8.0,9.0
170,2011-08-01,8,False,6,3,0.16,0.16,0.93,0.1045,0.0,15.0,15.0
171,2011-08-01,9,False,6,3,0.16,0.16,0.93,0.1045,0.0,20.0,20.0
172,2011-08-01,10,False,6,2,0.18,0.18,0.8,0.1642,5.0,56.0,61.0
173,2011-08-01,11,False,6,2,0.2,0.2,0.69,0.3881,2.0,60.0,62.0
174,2011-08-01,12,False,6,2,0.2,0.2,0.59,0.3582,8.0,90.0,98.0
175,2011-08-01,13,False,6,1,0.2,0.2,0.44,0.3284,7.0,95.0,102.0
176,2011-08-01,14,False,6,1,0.2,0.2,0.32,0.4925,12.0,83.0,95.0
177,2011-08-01,15,False,6,1,0.2,0.2,0.32,0.4478,5.0,69.0,74.0
178,2011-08-01,16,False,6,1,0.18,0.18,0.29,0.4478,8.0,68.0,76.0
179,2011-08-01,17,False,6,1,0.16,0.16,0.37,0.5522,5.0,64.0,69.0
180,2011-08-01,18,False,6,1,0.14,0.14,0.39,0.2985,3.0,52.0,55.0
181,2011-08-01,19,False,6,1,0.14,0.14,0.36,0.2537,4.0,26.0,30.0
182,2011-08-01,20,False,6,1,0.12,0.12,0.36,0.2537,0.0,28.0,28.0
183,2011-08-01,21,False,6,1,0.12,0.12,0.39,0.3582,2.0,35.0,37.0
184,2011-08-01,22,False,6,1,0.12,0.12,0.36,0.3881,1.0,33.0,34.0
185,2011-08-01,23,False,6,1,0.1,0.1,0.39,0.4478,0.0,22.0,22.0
186,2011-09-01,0,False,0,1,0.1,0.1,0.42,0.3881,1.0,24.0,25.0
187,2011-09-01,1,False,0,1,0.1,0.1,0.42,0.4627,0.0,12.0,12.0
188,2011-09-01,2,False,0,1,0.1,0.1,0.46,0.4627,0.0,11.0,11.0
189,2011-09-01,3,False,0,1,0.1,0.1,0.46,0.4179,0.0,4.0,4.0
190,2011-09-01,4,False,0,1,0.08,0.08,0.53,0.194,0.0,1.0,1.0
191,2011-09-01,5,False,0,1,0.08,0.08,0.53,0.194,0.0,1.0,1.0
192,2011-09-01,6,False,0,1,0.1,0.1,0.49,0.2836,0.0,1.0,1.0
193,2011-09-01,7,False,0,1,0.08,0.08,0.53,0.194,1.0,5.0,6.0
194,2011-09-01,8,False,0,1,0.1,0.1,0.49,0.2836,0.0,10.0,10.0
195,2011-09-01,9,False,0,1,0.12,0.12,0.46,0.5224,0.0,19.0,19.0
196,2011-09-01,10,False,0,1,0.14,0.14,0.43,0.3881,0.0,49.0,49.0
197,2011-09-01,11,False,0,1,0.16,0.16,0.4,0.5224,2.0,47.0,49.0
198,2011-09-01,12,False,0,1,0.18,0.18,0.37,0.4478,4.0,79.0,83.0
199,2011-09-01,13,False,0,1,0.2,0.2,0.34,0.4478,6.0,69.0,75.0
200,2011-09-01,14,False,0,1,0.22,0.22,0.32,0.4627,8.0,64.0,72.0
201,2011-09-01,15,False,0,1,0.22,0.22,0.35,0.3582,5.0,77.0,82.0
202,2011-09-01,16,False,0,1,0.2,0.2,0.34,0.4478,4.921,79.0,92.0
203,2011-09-01,17,False,0,1,0.18,0.18,0.37,0.3881,3.0,59.0,62.0
204,2011-09-01,18,False,0,1,0.16,0.16,0.4,0.3284,4.0,44.0,48.0
205,2011-09-01,19,False,0,1,0.16,0.16,0.43,0.3284,1.0,40.0,41.0
206,2011-09-01,20,False,0,1,0.14,0.14,0.46,0.2537,0.0,38.0,38.0
207,2011-09-01,21,False,0,1,0.14,0.14,0.46,0.4179,1.0,19.0,20.0
208,2011-09-01,22,False,0,1,0.14,0.14,0.46,0.2985,5.0,10.0,15.0
209,2011-09-01,23,False,0,1,0.12,0.12,0.5,0.194,0.0,6.0,6.0
210,2011-10-01,0,False,1,1,0.12,0.12,0.5,0.2836,2.0,3.0,5.0
211,2011-10-01,1,False,1,1,0.12,0.12,0.5,0.2836,1.0,0.0,1.0
212,2011-10-01,2,False,1,1,0.12,0.12,0.5,0.2239,0.0,3.0,3.0
213,2011-10-01,3,False,1,1,0.12,0.12,0.5,0.2239,0.0,1.0,1.0
214,2011-10-01,4,False,1,1,0.1,0.1,0.54,0.1343,1.0,2.0,3.0
215,2011-10-01,5,False,1,1,0.1,0.1,0.54,0.2537,0.0,3.0,3.0
216,2011-10-01,6,False,1,1,0.12,0.12,0.5,0.2836,0.0,31.0,31.0
217,2011-10-01,7,False,1,1,0.12,0.12,0.5,0.2239,2.0,75.0,77.0
218,2011-10-01,8,False,1,2,0.12,0.12,0.5,0.2836,4.0,53.383,58.304
219,2011-10-01,9,False,1,2,0.14,0.14,0.5,0.2537,2.0,92.0,94.0
220,2011-10-01,10,False,1,2,0.14,0.14,0.5,0.2985,0.0,31.0,31.0
221,2011-10-01,11,False,1,2,0.16,0.16,0.47,0.2836,2.0,28.0,30.0
222,2011-10-01,12,False,1,2,0.2,0.2,0.4,0.2836,5.0,47.0,52.0
223,2011-10-01,13,False,1,2,0.2,0.2,0.4,0.2836,4.0,50.0,54.0
224,2011-10-01,14,False,1,2,0.2,0.2,0.4,0.2239,0.0,47.0,47.0
225,2011-10-01,15,False,1,2,0.2,0.2,0.4,0.2239,2.0,43.0,45.0
226,2011-10-01,16,False,1,1,0.2,0.2,0.4,0.1343,4.0,70.0,74.0
227,2011-10-01,17,False,1,1,0.2,0.2,0.4,0.1045,4.0,53.383,58.304
228,2011-10-01,18,False,1,1,0.2,0.2,0.4,0.2239,1.0,53.383,155.0
229,2011-10-01,19,False,1,1,0.16,0.16,0.47,0.1642,3.0,92.0,95.0
230,2011-10-01,20,False,1,1,0.16,0.16,0.5,0.1642,1.0,73.0,74.0
231,2011-10-01,21,False,1,1,0.14,0.14,0.59,0.194,1.0,37.0,38.0
232,2011-10-01,22,False,1,1,0.14,0.14,0.59,0.1642,2.0,22.0,24.0
233,2011-10-01,23,False,1,1,0.14,0.14,0.59,0.1642,0.0,18.0,18.0
234,2011-11-01,0,False,2,1,0.14,0.14,0.59,0.1045,2.0,10.0,12.0
235,2011-11-01,1,False,2,1,0.14,0.14,0.59,0.1642,0.0,3.0,3.0
236,2011-11-01,2,False,2,2,0.16,0.16,0.55,0.194,0.0,3.0,3.0
237,2011-11-01,5,False,2,2,0.16,0.16,0.55,0.1343,0.0,6.0,6.0
238,2011-11-01,6,False,2,2,0.16,0.16,0.55,0.1343,0.0,27.0,27.0
239,2011-11-01,7,False,2,2,0.16,0.16,0.55,0.0,2.0,97.0,99.0
240,2011-11-01,8,False,2,2,0.18,0.18,0.51,0.0896,3.0,53.383,58.304
241,2011-11-01,9,False,2,2,0.18,0.18,0.51,0.1642,3.0,127.0,130.0
242,2011-11-01,10,False,2,2,0.2,0.2,0.51,0.1642,3.0,51.0,54.0
243,2011-11-01,11,False,2,2,0.2,0.2,0.47,0.1343,4.0,31.0,35.0
244,2011-11-01,12,False,2,2,0.2,0.2,0.51,0.1045,2.0,55.0,57.0
245,2011-11-01,13,False,2,2,0.2,0.2,0.59,0.0896,6.0,46.0,52.0
246,2011-11-01,14,False,2,2,0.2,0.2,0.59,0.0896,3.0,60.0,63.0
247,2011-11-01,15,False,2,2,0.16,0.16,0.8,0.0896,2.0,45.0,47.0
248,2011-11-01,16,False,2,2,0.16,0.16,0.86,0.2239,4.0,72.0,76.0
249,2011-11-01,17,False,2,2,0.16,0.16,0.86,0.2239,6.0,130.0,136.0
250,2011-11-01,18,False,2,3,0.16,0.16,0.93,0.1045,1.0,94.0,95.0
251,2011-11-01,19,False,2,3,0.16,0.16,0.93,0.0,0.0,51.0,51.0
252,2011-11-01,20,False,2,3,0.16,0.16,0.93,0.194,0.0,32.0,32.0
253,2011-11-01,21,False,2,3,0.16,0.16,0.86,0.0896,0.0,20.0,20.0
254,2011-11-01,22,False,2,3,0.16,0.16,0.93,0.1045,1.0,28.0,29.0
255,2011-11-01,23,False,2,3,0.16,0.16,0.93,0.0896,1.0,18.0,19.0
256,2011-12-01,0,False,3,2,0.16,0.16,0.86,0.0896,0.0,7.0,7.0
257,2011-12-01,1,False,3,2,0.16,0.16,0.86,0.1045,0.0,6.0,6.0
258,2011-12-01,2,False,3,1,0.14,0.14,0.86,0.1343,0.0,1.0,1.0
259,2011-12-01,5,False,3,1,0.14,0.14,0.86,0.1642,0.0,5.0,5.0
260,2011-12-01,6,False,3,1,0.12,0.12,0.93,0.1343,0.0,16.0,16.0
261,2011-12-01,7,False,3,1,0.14,0.14,0.69,0.1343,0.0,54.0,54.0
262,2011-12-01,8,False,3,1,0.16,0.16,0.59,0.1642,3.0,125.0,128.0
263,2011-12-01,9,False,3,1,0.16,0.16,0.59,0.3284,3.0,78.0,81.0
264,2011-12-01,10,False,3,1,0.18,0.18,0.55,0.2239,0.0,39.0,39.0
265,2011-12-01,11,False,3,1,0.2,0.2,0.51,0.3881,3.0,32.0,35.0
266,2011-12-01,12,False,3,1,0.2,0.2,0.47,0.5821,3.0,52.0,55.0
267,2011-12-01,13,False,3,1,0.22,0.22,0.44,0.3582,0.0,49.0,49.0
268,2011-12-01,14,False,3,1,0.2,0.2,0.47,0.3284,0.0,44.0,44.0
269,2011-12-01,15,False,3,1,0.2,0.2,0.47,0.4179,1.0,48.0,49.0
270,2011-12-01,16,False,3,1,0.22,0.22,0.44,0.3284,5.0,63.0,68.0
271,2011-12-01,17,False,3,1,0.2,0.2,0.47,0.3582,0.0,53.383,139.0
272,2011-12-01,18,False,3,1,0.2,0.2,0.47,0.5224,2.0,135.0,137.0
273,2011-12-01,19,False,3,1,0.18,0.18,0.47,0.4179,1.0,82.0,83.0
274,2011-12-01,20,False,3,1,0.16,0.16,0.5,0.3284,2.0,54.0,56.0
275,2011-12-01,21,False,3,1,0.16,0.16,0.55,0.3284,0.0,57.0,57.0
276,2011-12-01,22,False,3,1,0.16,0.16,0.55,0.4478,1.0,32.0,33.0
277,2011-12-01,23,False,3,1,0.14,0.14,0.59,0.4179,1.0,19.0,20.0
278,2011-01-13,0,False,4,1,0.14,0.14,0.59,0.2836,1.0,6.0,7.0
279,2011-01-13,1,False,4,1,0.14,0.14,0.5,0.2836,0.0,2.0,2.0
280,2011-01-13,2,False,4,1,0.14,0.14,0.5,0.3582,0.0,2.0,2.0
281,2011-01-13,3,False,4,1,0.14,0.14,0.5,0.3284,0.0,3.0,3.0
282,2011-01-13,4,False,4,1,0.14,0.14,0.5,0.2537,0.0,4.0,4.0
283,2011-01-13,5,False,4,1,0.14,0.14,0.5,0.2985,0.0,3.0,3.0
284,2011-01-13,6,False,4,1,0.12,0.12,0.54,0.1343,0.0,28.0,28.0
285,2011-01-13,7,False,4,1,0.12,0.12,0.54,0.1343,0.0,72.0,72.0
286,2011-01-13,8,False,4,1,0.14,0.14,0.5,0.194,5.0,53.383,58.304
287,2011-01-13,9,False,4,1,0.14,0.14,0.5,0.3284,2.0,137.0,139.0
288,2011-01-13,10,False,4,2,0.16,0.16,0.5,0.3582,2.0,36.0,38.0
289,2011-01-13,11,False,4,2,0.2,0.2,0.44,0.4478,4.0,33.0,37.0
290,2011-01-13,12,False,4,1,0.2,0.2,0.44,0.4179,3.0,49.0,52.0
291,2011-01-13,13,False,4,1,0.22,0.22,0.41,0.4478,2.0,81.0,83.0
292,2011-01-13,14,False,4,1,0.22,0.22,0.41,0.3881,3.0,39.0,42.0
293,2011-01-13,15,False,4,1,0.24,0.24,0.38,0.2985,5.0,55.0,60.0
294,2011-01-13,16,False,4,1,0.24,0.24,0.38,0.3582,2.0,76.0,78.0
295,2011-01-13,17,False,4,1,0.2,0.2,0.4,0.2836,4.0,53.383,58.304
296,2011-01-13,18,False,4,1,0.2,0.2,0.4,0.3284,3.0,53.383,144.0
297,2011-01-13,19,False,4,1,0.16,0.16,0.47,0.2537,1.0,98.0,99.0
298,2011-01-13,20,False,4,1,0.16,0.16,0.47,0.2239,0.0,64.0,64.0
299,2011-01-13,21,False,4,1,0.14,0.14,0.46,0.2985,0.0,40.0,40.0
300,2011-01-13,22,False,4,1,0.14,0.14,0.46,0.3284,0.0,30.0,30.0
301,2011-01-13,23,False,4,1,0.12,0.12,0.5,0.194,1.0,14.0,15.0
302,2011-01-14,0,False,5,1,0.12,0.12,0.5,0.194,0.0,14.0,14.0
303,2011-01-14,1,False,5,1,0.1,0.1,0.54,0.1642,0.0,5.0,5.0
304,2011-01-14,2,False,5,1,0.1,0.1,0.54,0.1343,0.0,1.0,1.0
305,2011-01-14,3,False,5,1,0.1,0.1,0.54,0.1045,0.0,1.0,1.0
306,2011-01-14,5,False,5,1,0.1,0.1,0.54,0.0896,0.0,8.0,8.0
307,2011-01-14,6,False,5,1,0.1,0.1,0.54,0.0,0.0,17.0,17.0
308,2011-01-14,7,False,5,1,0.1,0.1,0.74,0.1642,0.0,70.0,70.0
309,2011-01-14,8,False,5,1,0.12,0.12,0.68,0.0,2.0,53.383,158.0
310,2011-01-14,9,False,5,1,0.14,0.14,0.69,0.1343,0.0,117.0,117.0
311,2011-01-14,10,False,5,1,0.18,0.18,0.55,0.194,4.0,40.0,44.0
312,2011-01-14,11,False,5,1,0.18,0.18,0.51,0.2836,6.0,47.0,53.0
313,2011-01-14,12,False,5,1,0.2,0.2,0.44,0.2537,2.0,59.0,61.0
314,2011-01-14,13,False,5,1,0.22,0.22,0.37,0.3881,4.0,73.0,77.0
315,2011-01-14,14,False,5,1,0.22,0.22,0.41,0.2836,5.0,59.0,64.0
316,2011-01-14,15,False,5,1,0.24,0.24,0.38,0.1642,9.0,59.0,68.0
317,2011-01-14,16,False,5,1,0.22,0.22,0.41,0.1045,3.0,87.0,90.0
318,2011-01-14,17,False,5,1,0.22,0.22,0.41,0.1642,4.0,53.383,159.0
319,2011-01-14,18,False,5,1,0.2,0.2,0.47,0.0,5.0,134.0,139.0
320,2011-01-14,19,False,5,1,0.16,0.16,0.59,0.0896,3.0,89.0,92.0
321,2011-01-14,20,False,5,1,0.18,0.18,0.59,0.0,0.0,68.0,68.0
322,2011-01-14,21,False,5,1,0.16,0.16,0.69,0.0,4.0,48.0,52.0
323,2011-01-14,22,False,5,2,0.16,0.16,0.69,0.0,2.0,34.0,36.0
324,2011-01-14,23,False,5,2,0.18,0.18,0.55,0.0,1.0,26.0,27.0
325,2011-01-15,0,False,6,1,0.18,0.18,0.55,0.0,3.0,25.0,28.0
326,2011-01-15,1,False,6,2,0.16,0.16,0.59,0.0896,2.0,18.0,20.0
327,2011-01-15,2,False,6,2,0.16,0.16,0.59,0.0896,0.0,12.0,12.0
328,2011-01-15,3,False,6,2,0.16,0.16,0.59,0.0,1.0,7.0,8.0
329,2011-01-15,4,False,6,2,0.16,0.16,0.59,0.0,0.0,5.0,5.0
330,2011-01-15,5,False,6,1,0.16,0.16,0.59,0.0,0.0,1.0,1.0
331,2011-01-15,6,False,6,1,0.14,0.14,0.63,0.1045,1.0,2.0,3.0
332,2011-01-15,7,False,6,1,0.14,0.14,0.63,0.0,1.0,9.0,10.0
333,2011-01-15,8,False,6,1,0.14,0.14,0.63,0.1343,1.0,22.0,23.0
334,2011-01-15,9,False,6,1,0.16,0.16,0.64,0.1343,2.0,31.0,33.0
335,2011-01-15,10,False,6,1,0.18,0.18,0.59,0.1642,2.0,57.0,59.0
336,2011-01-15,11,False,6,1,0.2,0.2,0.55,0.2239,4.921,54.0,72.0
337,2011-01-15,12,False,6,1,0.24,0.24,0.48,0.2239,4.921,74.0,89.0
338,2011-01-15,13,False,6,1,0.28,0.28,0.38,0.2985,4.921,80.0,101.0
339,2011-01-15,14,False,6,1,0.3,0.3,0.39,0.2836,4.921,92.0,118.0
340,2011-01-15,15,False,6,2,0.32,0.32,0.36,0.194,4.921,108.0,129.0
341,2011-01-15,16,False,6,2,0.34,0.34,0.34,0.194,4.921,95.0,128.0
342,2011-01-15,17,False,6,2,0.32,0.32,0.36,0.2836,4.921,54.0,83.0
343,2011-01-15,18,False,6,2,0.3,0.3,0.45,0.2537,4.921,69.0,84.0
344,2011-01-15,19,False,6,2,0.32,0.32,0.39,0.2537,4.921,60.0,74.0
345,2011-01-15,20,False,6,2,0.32,0.32,0.39,0.2537,6.0,35.0,41.0
346,2011-01-15,21,False,6,2,0.32,0.32,0.39,0.2239,6.0,51.0,57.0
347,2011-01-15,22,False,6,2,0.3,0.3,0.42,0.1045,0.0,26.0,26.0
348,2011-01-15,23,False,6,1,0.3,0.3,0.45,0.2836,5.0,39.0,44.0
349,2011-01-16,0,False,0,1,0.26,0.26,0.56,0.0,6.0,33.0,39.0
350,2011-01-16,1,False,0,1,0.26,0.26,0.56,0.1343,4.0,19.0,23.0
351,2011-01-16,2,False,0,1,0.26,0.26,0.56,0.0896,3.0,13.0,16.0
352,2011-01-16,3,False,0,1,0.22,0.22,0.69,0.0,9.0,6.0,15.0
353,2011-01-16,4,False,0,1,0.26,0.26,0.56,0.1642,0.0,1.0,1.0
354,2011-01-16,5,False,0,2,0.26,0.26,0.56,0.1642,1.0,1.0,2.0
355,2011-01-16,6,False,0,2,0.26,0.26,0.56,0.1642,0.0,1.0,1.0
356,2011-01-16,7,False,0,2,0.24,0.24,0.56,0.2985,0.0,3.0,3.0
357,2011-01-16,8,False,0,1,0.22,0.22,0.55,0.2836,0.0,18.0,18.0
358,2011-01-16,9,False,0,1,0.22,0.22,0.51,0.2537,3.0,29.0,32.0
359,2011-01-16,10,False,0,1,0.22,0.22,0.51,0.2836,8.0,71.0,79.0
360,2011-01-16,11,False,0,1,0.24,0.24,0.44,0.2537,4.921,70.0,93.0
361,2011-01-16,12,False,0,1,0.24,0.24,0.41,0.2836,4.921,75.0,104.0
362,2011-01-16,13,False,0,1,0.26,0.26,0.35,0.2985,4.921,95.0,118.0
363,2011-01-16,14,False,0,1,0.28,0.28,0.36,0.2537,4.921,69.0,91.0
364,2011-01-16,15,False,0,1,0.26,0.26,0.38,0.2537,4.921,78.0,113.0
365,2011-01-16,16,False,0,1,0.24,0.24,0.38,0.2239,4.921,77.0,99.0
366,2011-01-16,17,False,0,1,0.22,0.22,0.37,0.2537,4.921,82.0,105.0
367,2011-01-16,18,False,0,1,0.2,0.2,0.4,0.1642,11.0,56.0,67.0
368,2011-01-16,19,False,0,1,0.18,0.18,0.47,0.1343,4.921,47.0,61.0
369,2011-01-16,20,False,0,1,0.18,0.18,0.47,0.1642,7.0,50.0,57.0
370,2011-01-16,21,False,0,1,0.18,0.18,0.51,0.1642,6.0,22.0,28.0
371,2011-01-16,22,False,0,2,0.2,0.2,0.49,0.1343,2.0,19.0,21.0
372,2011-01-16,23,False,0,2,0.2,0.2,0.4,0.1045,0.0,18.0,18.0
373,2011-01-17,0,True,1,2,0.2,0.2,0.47,0.2239,1.0,16.0,17.0
374,2011-01-17,1,True,1,2,0.2,0.2,0.44,0.194,1.0,15.0,16.0
375,2011-01-17,2,True,1,2,0.18,0.18,0.43,0.2537,0.0,8.0,8.0
376,2011-01-17,3,True,1,2,0.18,0.18,0.43,0.194,0.0,2.0,2.0
377,2011-01-17,4,True,1,2,0.18,0.18,0.43,0.1343,1.0,2.0,3.0
378,2011-01-17,5,True,1,2,0.18,0.18,0.43,0.1642,0.0,1.0,1.0
379,2011-01-17,6,True,1,2,0.18,0.18,0.43,0.194,0.0,5.0,5.0
380,2011-01-17,7,True,1,2,0.16,0.16,0.5,0.1343,4.0,9.0,13.0
381,2011-01-17,8,True,1,2,0.16,0.16,0.47,0.2239,3.0,30.0,33.0
382,2011-01-17,9,True,1,2,0.16,0.16,0.47,0.2239,8.0,39.0,47.0
383,2011-01-17,10,True,1,2,0.16,0.16,0.5,0.2537,7.0,50.0,57.0
384,2011-01-17,11,True,1,2,0.16,0.16,0.55,0.194,9.0,55.0,64.0
385,2011-01-17,12,True,1,2,0.18,0.18,0.47,0.1343,10.0,70.0,80.0
386,2011-01-17,13,True,1,2,0.18,0.18,0.47,0.1343,4.921,80.0,93.0
387,2011-01-17,14,True,1,2,0.18,0.18,0.43,0.1045,12.0,74.0,86.0
388,2011-01-17,15,True,1,2,0.2,0.2,0.47,0.1642,4.921,72.0,93.0
389,2011-01-17,16,True,1,2,0.2,0.2,0.47,0.1642,6.0,76.0,82.0
390,2011-01-17,17,True,1,1,0.2,0.2,0.51,0.194,4.0,67.0,71.0
391,2011-01-17,18,True,1,2,0.18,0.18,0.55,0.2537,7.0,85.0,92.0
392,2011-01-17,19,True,1,3,0.18,0.18,0.59,0.194,2.0,58.0,60.0
393,2011-01-17,20,True,1,3,0.16,0.16,0.8,0.194,4.0,29.0,33.0
394,2011-01-17,21,True,1,3,0.16,0.16,0.8,0.194,3.0,24.0,27.0
395,2011-01-17,22,True,1,3,0.14,0.14,0.93,0.2537,0.0,13.0,13.0
396,2011-01-17,23,True,1,3,0.16,0.16,0.86,0.2836,1.0,3.0,4.0
397,2011-01-18,12,False,2,2,0.2,0.2,0.86,0.3284,0.0,3.0,3.0
398,2011-01-18,13,False,2,2,0.2,0.2,0.86,0.2239,0.0,22.0,22.0
399,2011-01-18,14,False,2,2,0.22,0.22,0.8,0.1642,2.0,26.0,28.0
400,2011-01-18,15,False,2,2,0.22,0.22,0.87,0.1642,3.0,32.0,35.0
401,2011-01-18,16,False,2,2,0.22,0.22,0.87,0.194,0.0,61.0,61.0
402,2011-01-18,17,False,2,2,0.22,0.22,0.82,0.194,1.0,124.0,125.0
403,2011-01-18,18,False,2,2,0.22,0.22,0.8,0.1642,1.0,132.0,133.0
404,2011-01-18,19,False,2,2,0.22,0.22,0.8,0.1343,1.0,98.0,99.0
405,2011-01-18,20,False,2,2,0.22,0.22,0.87,0.0,0.0,83.0,83.0
406,2011-01-18,21,False,2,2,0.22,0.22,0.93,0.1045,0.0,41.0,41.0
407,2011-01-18,22,False,2,2,0.22,0.22,0.93,0.0896,0.0,33.0,33.0
408,2011-01-18,23,False,2,2,0.22,0.22,0.93,0.0,1.0,19.0,20.0
409,2011-01-19,0,False,3,2,0.22,0.22,0.93,0.0,0.0,3.0,3.0
410,2011-01-19,1,False,3,3,0.22,0.22,0.93,0.1343,1.0,6.0,7.0
411,2011-01-19,2,False,3,3,0.22,0.22,0.93,0.1343,0.0,3.0,3.0
412,2011-01-19,4,False,3,3,0.22,0.22,0.93,0.1343,1.0,1.0,2.0
413,2011-01-19,5,False,3,2,0.22,0.22,0.93,0.0896,0.0,7.0,7.0
414,2011-01-19,6,False,3,2,0.22,0.22,0.93,0.0896,0.0,32.0,32.0
415,2011-01-19,7,False,3,2,0.24,0.24,0.92,0.1045,1.0,89.0,90.0
416,2011-01-19,8,False,3,2,0.24,0.24,0.93,0.1045,1.0,53.383,58.304
417,2011-01-19,9,False,3,2,0.24,0.24,0.93,0.1045,2.0,107.0,109.0
418,2011-01-19,10,False,3,2,0.26,0.26,0.93,0.1343,1.0,46.0,47.0
419,2011-01-19,11,False,3,2,0.28,0.28,0.87,0.0896,5.0,47.0,52.0
420,2011-01-19,12,False,3,2,0.3,0.3,0.81,0.0896,5.0,65.0,70.0
421,2011-01-19,13,False,3,1,0.20590000000000003,0.20590000000000003,0.62,0.2836,11.0,67.0,78.0
422,2011-01-19,14,False,3,1,0.20590000000000003,0.20590000000000003,0.58,0.2537,7.0,68.0,75.0
423,2011-01-19,15,False,3,1,0.20590000000000003,0.20590000000000003,0.54,0.2836,4.0,78.0,82.0
424,2011-01-19,16,False,3,1,0.20590000000000003,0.20590000000000003,0.58,0.3881,10.0,94.0,104.0
425,2011-01-19,17,False,3,1,0.36,0.36,0.57,0.3284,7.0,53.383,58.304
426,2011-01-19,18,False,3,1,0.34,0.34,0.61,0.2836,5.0,53.383,161.0
427,2011-01-19,19,False,3,1,0.32,0.32,0.57,0.4179,4.0,108.0,112.0
428,2011-01-19,20,False,3,1,0.32,0.32,0.49,0.2985,2.0,74.0,76.0
429,2011-01-19,21,False,3,1,0.32,0.32,0.49,0.4179,4.0,55.0,59.0
430,2011-01-19,22,False,3,1,0.3,0.3,0.52,0.1642,6.0,53.0,59.0
431,2011-01-19,23,False,3,1,0.3,0.3,0.52,0.4627,1.0,27.0,28.0
432,2011-01-20,0,False,4,1,0.26,0.26,0.56,0.3881,5.0,8.0,13.0
433,2011-01-20,1,False,4,1,0.26,0.26,0.56,0.0,2.0,3.0,5.0
434,2011-01-20,2,False,4,1,0.26,0.26,0.56,0.0,0.0,2.0,2.0
435,2011-01-20,3,False,4,1,0.26,0.26,0.56,0.1642,0.0,1.0,1.0
436,2011-01-20,4,False,4,1,0.26,0.26,0.56,0.1642,0.0,1.0,1.0
437,2011-01-20,5,False,4,1,0.24,0.24,0.6,0.2239,0.0,6.0,6.0
438,2011-01-20,6,False,4,1,0.22,0.22,0.6,0.2239,0.0,35.0,35.0
439,2011-01-20,7,False,4,1,0.22,0.22,0.55,0.2239,1.0,100.0,101.0
440,2011-01-20,8,False,4,1,0.22,0.22,0.55,0.2836,2.0,53.383,58.304
441,2011-01-20,9,False,4,2,0.24,0.24,0.52,0.2239,3.0,53.383,143.0
442,2011-01-20,10,False,4,1,0.26,0.26,0.48,0.2985,1.0,56.0,57.0
443,2011-01-20,11,False,4,2,0.28,0.28,0.45,0.1642,5.0,63.0,68.0
444,2011-01-20,12,False,4,2,0.3,0.3,0.42,0.0,7.0,77.0,84.0
445,2011-01-20,13,False,4,2,0.28,0.28,0.45,0.1045,12.0,86.0,98.0
446,2011-01-20,14,False,4,2,0.3,0.3,0.45,0.1343,6.0,75.0,81.0
447,2011-01-20,15,False,4,2,0.32,0.32,0.45,0.194,8.0,62.0,70.0
448,2011-01-20,16,False,4,2,0.3,0.3,0.49,0.1343,8.0,83.0,91.0
449,2011-01-20,17,False,4,2,0.3,0.3,0.49,0.1045,8.0,53.383,58.304
450,2011-01-20,18,False,4,2,0.26,0.26,0.56,0.194,1.0,53.383,58.304
451,2011-01-20,19,False,4,1,0.26,0.26,0.56,0.3284,6.0,53.383,152.0
452,2011-01-20,20,False,4,2,0.26,0.26,0.6,0.2836,2.0,124.0,126.0
453,2011-01-20,21,False,4,2,0.24,0.24,0.6,0.2537,3.0,54.0,57.0
454,2011-01-20,22,False,4,2,0.24,0.24,0.65,0.2836,0.0,56.0,56.0
455,2011-01-20,23,False,4,2,0.24,0.24,0.65,0.3284,3.0,28.0,31.0
456,2011-01-21,0,False,5,2,0.24,0.24,0.7,0.2537,1.0,20.0,21.0
457,2011-01-21,1,False,5,2,0.24,0.24,0.7,0.2537,0.0,6.0,6.0
458,2011-01-21,2,False,5,3,0.24,0.24,0.75,0.1642,0.0,2.0,2.0
459,2011-01-21,3,False,5,3,0.22,0.22,0.8,0.2985,0.0,1.0,1.0
460,2011-01-21,4,False,5,2,0.22,0.22,0.87,0.0896,0.0,1.0,1.0
461,2011-01-21,5,False,5,1,0.24,0.24,0.6,0.4179,1.0,4.0,5.0
462,2011-01-21,6,False,5,1,0.22,0.22,0.55,0.2537,0.0,27.0,27.0
463,2011-01-21,7,False,5,1,0.2,0.2,0.51,0.2836,2.0,66.0,68.0
464,2011-01-21,8,False,5,1,0.2,0.2,0.47,0.3284,7.0,53.383,58.304
465,2011-01-21,9,False,5,1,0.2,0.2,0.51,0.3582,7.0,53.383,58.304
466,2011-01-21,10,False,5,1,0.2,0.2,0.47,0.4627,6.0,57.0,63.0
467,2011-01-21,11,False,5,1,0.22,0.22,0.41,0.4627,6.0,53.0,59.0
468,2011-01-21,12,False,5,1,0.22,0.22,0.27,0.5821,11.0,67.0,78.0
469,2011-01-21,13,False,5,1,0.2,0.2,0.21,0.5821,8.0,65.0,73.0
470,2011-01-21,14,False,5,1,0.2,0.2,0.25,0.5224,6.0,56.0,62.0
471,2011-01-21,15,False,5,1,0.16,0.16,0.26,0.4478,4.0,61.0,65.0
472,2011-01-21,16,False,5,1,0.16,0.16,0.26,0.3582,0.0,97.0,97.0
473,2011-01-21,17,False,5,1,0.14,0.14,0.28,0.3582,10.0,53.383,161.0
474,2011-01-21,18,False,5,1,0.12,0.12,0.3,0.2537,1.0,119.0,120.0
475,2011-01-21,19,False,5,1,0.12,0.12,0.3,0.3284,3.0,93.0,96.0
476,2011-01-21,20,False,5,1,0.1,0.1,0.33,0.4179,1.0,52.0,53.0
477,2011-01-21,21,False,5,1,0.08,0.08,0.38,0.2836,0.0,41.0,41.0
478,2011-01-21,22,False,5,1,0.06,0.06,0.41,0.3881,1.0,33.0,34.0
479,2011-01-21,23,False,5,1,0.06,0.06,0.38,0.3284,0.0,27.0,27.0
480,2011-01-22,0,False,6,1,0.1972878,0.1972878,0.45,0.2537,0.0,13.0,13.0
481,2011-01-22,1,False,6,2,0.1972878,0.1972878,0.41,0.3881,3.0,9.0,12.0
482,2011-01-22,2,False,6,2,0.1972878,0.1972878,0.41,0.2537,0.0,11.0,11.0
483,2011-01-22,3,False,6,2,0.1972878,0.1972878,0.41,0.2836,1.0,6.0,7.0
484,2011-01-22,4,False,6,2,0.1972878,0.1972878,0.48,0.2985,0.0,3.0,3.0
485,2011-01-22,6,False,6,2,0.1972878,0.1972878,0.44,0.2239,0.0,2.0,2.0
486,2011-01-22,7,False,6,1,0.1972878,0.1972878,0.44,0.2836,0.0,8.0,8.0
487,2011-01-22,8,False,6,1,0.1972878,0.1972878,0.44,0.3284,1.0,26.0,27.0
488,2011-01-22,9,False,6,1,0.1972878,0.1972878,0.41,0.2537,3.0,37.0,40.0
489,2011-01-22,10,False,6,2,0.1972878,0.1972878,0.41,0.1642,3.0,50.0,53.0
490,2011-01-22,11,False,6,2,0.06,0.06,0.38,0.1343,4.0,59.0,63.0
491,2011-01-22,12,False,6,2,0.06,0.06,0.38,0.1045,10.0,60.0,70.0
492,2011-01-22,13,False,6,1,0.08,0.08,0.35,0.0,12.0,72.0,84.0
493,2011-01-22,14,False,6,1,0.1,0.1,0.33,0.1045,11.0,64.0,75.0
494,2011-01-22,15,False,6,1,0.12,0.12,0.28,0.0,10.0,93.0,103.0
495,2011-01-22,16,False,6,1,0.12,0.12,0.28,0.194,11.0,72.0,83.0
496,2011-01-22,17,False,6,1,0.12,0.12,0.28,0.0,8.0,59.0,67.0
497,2011-01-22,18,False,6,1,0.08,0.08,0.35,0.194,0.0,54.0,54.0
498,2011-01-22,19,False,6,1,0.08,0.08,0.35,0.1343,6.0,53.0,59.0
499,2011-01-22,20,False,6,1,0.06,0.06,0.45,0.1642,1.0,44.0,45.0
500,2011-01-22,21,False,6,1,0.06,0.06,0.41,0.0896,0.0,39.0,39.0
501,2011-01-22,22,False,6,1,0.06,0.06,0.49,0.0,7.0,23.0,30.0
502,2011-01-22,23,False,6,1,0.1972878,0.1972878,0.57,0.1045,2.0,31.0,33.0
503,2011-01-23,0,False,0,1,0.1972878,0.1972878,0.57,0.1045,2.0,20.0,22.0
504,2011-01-23,1,False,0,1,0.1972878,0.1972878,0.57,0.1045,1.0,12.0,13.0
505,2011-01-23,2,False,0,1,0.1972878,0.1972878,0.62,0.1343,3.0,15.0,18.0
506,2011-01-23,3,False,0,1,0.1972878,0.1972878,0.62,0.1343,1.0,4.0,5.0
507,2011-01-23,5,False,0,2,0.1972878,0.1972878,0.57,0.1045,0.0,3.0,3.0
508,2011-01-23,6,False,0,2,0.1972878,0.1972878,0.57,0.1045,0.0,1.0,1.0
509,2011-01-23,7,False,0,1,0.08,0.08,0.58,0.1642,1.0,1.0,2.0
510,2011-01-23,8,False,0,1,0.06,0.06,0.62,0.1642,2.0,17.0,19.0
511,2011-01-23,9,False,0,1,0.1,0.1,0.54,0.3582,3.0,25.0,28.0
512,2011-01-23,10,False,0,1,0.14,0.14,0.46,0.3881,7.0,51.0,58.0
513,2011-01-23,11,False,0,1,0.14,0.14,0.43,0.2239,4.921,77.0,99.0
514,2011-01-23,12,False,0,1,0.16,0.16,0.37,0.4627,4.921,92.0,116.0
515,2011-01-23,13,False,0,1,0.14,0.14,0.33,0.3881,12.0,75.0,87.0
516,2011-01-23,14,False,0,1,0.16,0.16,0.28,0.3582,4.921,93.0,110.0
517,2011-01-23,15,False,0,1,0.16,0.16,0.28,0.3582,4.921,64.0,77.0
518,2011-01-23,16,False,0,1,0.16,0.16,0.26,0.3284,9.0,56.0,65.0
519,2011-01-23,17,False,0,1,0.14,0.14,0.26,0.3881,5.0,50.0,55.0
520,2011-01-23,18,False,0,1,0.12,0.12,0.3,0.2537,5.0,44.0,49.0
521,2011-01-23,19,False,0,1,0.12,0.12,0.3,0.2836,5.0,45.0,50.0
522,2011-01-23,20,False,0,1,0.1,0.1,0.36,0.2537,4.0,31.0,35.0
523,2011-01-23,21,False,0,1,0.1,0.1,0.36,0.194,5.0,20.0,25.0
524,2011-01-23,22,False,0,1,0.08,0.08,0.38,0.194,5.0,23.0,28.0
525,2011-01-23,23,False,0,1,0.06,0.06,0.41,0.2239,4.0,17.0,21.0
526,2011-01-24,0,False,1,1,0.06,0.06,0.41,0.194,0.0,7.0,7.0
527,2011-01-24,1,False,1,1,0.1972878,0.1972878,0.45,0.194,0.0,1.0,1.0
528,2011-01-24,3,False,1,1,0.1972878,0.1972878,0.45,0.2537,0.0,1.0,1.0
529,2011-01-24,4,False,1,1,0.1972878,0.1972878,0.48,0.1343,0.0,1.0,1.0
530,2011-01-24,5,False,1,1,0.1972878,0.1972878,0.48,0.1343,0.0,5.0,5.0
531,2011-01-24,6,False,1,1,0.1972878,0.1972878,0.48,0.0896,0.0,15.0,15.0
532,2011-01-24,7,False,1,1,0.1972878,0.1972878,0.48,0.0,5.0,79.0,84.0
533,2011-01-24,8,False,1,1,0.1972878,0.1972878,0.49,0.0,6.0,53.383,58.304
534,2011-01-24,9,False,1,1,0.06,0.06,0.41,0.0,4.0,98.0,102.0
535,2011-01-24,10,False,1,1,0.1,0.1,0.42,0.0,6.0,34.0,40.0
536,2011-01-24,11,False,1,1,0.1,0.1,0.46,0.1343,3.0,43.0,46.0
537,2011-01-24,12,False,1,2,0.12,0.12,0.42,0.194,11.0,52.0,63.0
538,2011-01-24,13,False,1,2,0.14,0.14,0.43,0.2239,6.0,54.0,60.0
539,2011-01-24,14,False,1,2,0.14,0.14,0.46,0.2239,2.0,43.0,45.0
540,2011-01-24,15,False,1,1,0.16,0.16,0.4,0.1642,7.0,50.0,57.0
541,2011-01-24,16,False,1,1,0.16,0.16,0.47,0.2537,4.0,66.0,70.0
542,2011-01-24,17,False,1,1,0.14,0.14,0.5,0.2537,6.0,53.383,58.304
543,2011-01-24,18,False,1,1,0.14,0.14,0.59,0.194,8.0,53.383,153.0
544,2011-01-24,19,False,1,1,0.14,0.14,0.54,0.1642,5.0,101.0,106.0
545,2011-01-24,20,False,1,1,0.14,0.14,0.59,0.194,1.0,80.0,81.0
546,2011-01-24,21,False,1,1,0.14,0.14,0.63,0.1642,6.0,53.0,59.0
547,2011-01-24,22,False,1,2,0.14,0.14,0.63,0.2239,3.0,32.0,35.0
548,2011-01-24,23,False,1,2,0.16,0.16,0.64,0.2537,3.0,21.0,24.0
549,2011-01-25,0,False,2,2,0.16,0.16,0.69,0.2836,3.0,6.0,9.0
550,2011-01-25,1,False,2,2,0.16,0.16,0.69,0.1642,0.0,5.0,5.0
551,2011-01-25,2,False,2,1,0.16,0.16,0.69,0.2239,0.0,2.0,2.0
552,2011-01-25,4,False,2,1,0.14,0.14,0.74,0.1045,0.0,1.0,1.0
553,2011-01-25,5,False,2,1,0.14,0.14,0.74,0.2239,0.0,9.0,9.0
554,2011-01-25,6,False,2,1,0.16,0.16,0.74,0.1045,1.0,35.0,36.0
555,2011-01-25,7,False,2,1,0.16,0.16,0.74,0.2239,5.0,103.0,108.0
556,2011-01-25,8,False,2,2,0.16,0.16,0.74,0.1343,5.0,53.383,58.304
557,2011-01-25,9,False,2,2,0.2,0.2,0.64,0.0896,10.0,134.0,144.0
558,2011-01-25,10,False,2,2,0.22,0.22,0.6,0.1045,6.0,49.0,55.0
559,2011-01-25,11,False,2,2,0.24,0.24,0.6,0.1343,6.0,55.0,61.0
560,2011-01-25,12,False,2,2,0.26,0.26,0.56,0.0896,4.921,85.0,106.0
561,2011-01-25,13,False,2,2,0.26,0.26,0.56,0.1343,4.921,72.0,93.0
562,2011-01-25,14,False,2,2,0.3,0.3,0.45,0.0,11.0,57.0,68.0
563,2011-01-25,15,False,2,2,0.32,0.32,0.42,0.0,4.921,63.0,84.0
564,2011-01-25,16,False,2,2,0.32,0.32,0.42,0.0,4.921,102.0,116.0
565,2011-01-25,17,False,2,1,0.3,0.3,0.45,0.0,4.921,53.383,58.304
566,2011-01-25,18,False,2,2,0.3,0.3,0.49,0.0896,7.0,53.383,58.304
567,2011-01-25,19,False,2,2,0.26,0.26,0.65,0.1642,4.921,133.0,146.0
568,2011-01-25,20,False,2,1,0.24,0.24,0.65,0.194,4.921,103.0,119.0
569,2011-01-25,21,False,2,1,0.24,0.24,0.65,0.194,5.0,40.0,45.0
570,2011-01-25,22,False,2,1,0.22,0.22,0.64,0.1642,4.0,49.0,53.0
571,2011-01-25,23,False,2,2,0.22,0.22,0.64,0.1642,3.0,37.0,40.0
572,2011-01-26,0,False,3,2,0.22,0.22,0.69,0.1343,3.0,14.0,17.0
573,2011-01-26,1,False,3,2,0.24,0.24,0.65,0.1343,0.0,5.0,5.0
574,2011-01-26,2,False,3,3,0.22,0.22,0.69,0.194,3.0,7.0,10.0
575,2011-01-26,5,False,3,3,0.2,0.2,0.86,0.2836,0.0,1.0,1.0
576,2011-01-26,6,False,3,3,0.2,0.2,0.86,0.2836,0.0,8.0,8.0
577,2011-01-26,7,False,3,3,0.22,0.22,0.87,0.2985,1.0,29.0,30.0
578,2011-01-26,8,False,3,3,0.22,0.22,0.87,0.2985,3.0,69.0,72.0
579,2011-01-26,9,False,3,3,0.22,0.22,0.87,0.2985,3.0,55.0,58.0
580,2011-01-26,10,False,3,3,0.22,0.22,0.93,0.2836,2.0,26.0,28.0
581,2011-01-26,11,False,3,3,0.22,0.22,0.93,0.3284,6.0,35.0,41.0
582,2011-01-26,12,False,3,3,0.22,0.22,0.93,0.3284,7.0,41.0,48.0
583,2011-01-26,13,False,3,3,0.22,0.22,0.93,0.3284,4.0,43.0,47.0
584,2011-01-26,14,False,3,3,0.22,0.22,0.93,0.3582,0.0,36.0,36.0
585,2011-01-26,15,False,3,3,0.22,0.22,0.93,0.4627,1.0,42.0,43.0
586,2011-01-26,16,False,3,4,0.22,0.22,0.93,0.3284,1.0,35.0,36.0
587,2011-01-26,17,False,3,3,0.2,0.2,0.93,0.3582,0.0,26.0,26.0
588,2011-01-27,16,False,4,1,0.22,0.22,0.55,0.194,1.0,23.0,24.0
589,2011-01-27,17,False,4,1,0.22,0.22,0.55,0.1045,2.0,82.0,84.0
590,2011-01-27,18,False,4,1,0.2,0.2,0.69,0.0896,3.0,101.0,104.0
591,2011-01-27,19,False,4,1,0.2,0.2,0.69,0.0896,3.0,76.0,79.0
592,2011-01-27,20,False,4,1,0.18,0.18,0.74,0.0896,4.0,55.0,59.0
593,2011-01-27,21,False,4,1,0.18,0.18,0.74,0.0896,2.0,36.0,38.0
594,2011-01-27,22,False,4,1,0.18,0.18,0.74,0.0896,0.0,27.0,27.0
595,2011-01-27,23,False,4,1,0.18,0.18,0.8,0.1642,0.0,16.0,16.0
596,2011-01-28,0,False,5,2,0.2,0.2,0.75,0.1343,0.0,9.0,9.0
597,2011-01-28,1,False,5,2,0.2,0.2,0.75,0.1343,1.0,2.0,3.0
598,2011-01-28,2,False,5,2,0.2,0.2,0.75,0.1642,0.0,2.0,2.0
599,2011-01-28,3,False,5,2,0.2,0.2,0.75,0.1045,1.0,0.0,1.0
600,2011-01-28,5,False,5,2,0.18,0.18,0.8,0.1045,0.0,4.0,4.0
601,2011-01-28,6,False,5,2,0.18,0.18,0.8,0.1343,0.0,16.0,16.0
602,2011-01-28,7,False,5,2,0.16,0.16,0.86,0.0896,2.0,58.0,60.0
603,2011-01-28,8,False,5,2,0.16,0.16,0.86,0.0896,2.0,53.383,157.0
604,2011-01-28,9,False,5,3,0.18,0.18,0.86,0.0896,6.0,95.0,101.0
605,2011-01-28,10,False,5,3,0.18,0.18,0.86,0.1045,0.0,49.0,49.0
606,2011-01-28,11,False,5,3,0.18,0.18,0.93,0.1045,0.0,30.0,30.0
607,2011-01-28,12,False,5,3,0.18,0.18,0.93,0.1045,1.0,28.0,29.0
608,2011-01-28,13,False,5,3,0.18,0.18,0.93,0.1045,0.0,31.0,31.0
609,2011-01-28,14,False,5,3,0.22,0.22,0.8,0.0,2.0,36.0,38.0
610,2011-01-28,15,False,5,2,0.2,0.2,0.86,0.0,1.0,40.0,41.0
620,2011-01-29,1,False,6,1,0.22,0.22,0.64,0.194,0.0,20.0,20.0
621,2011-01-29,2,False,6,1,0.22,0.22,0.64,0.1642,0.0,15.0,15.0
622,2011-01-29,3,False,6,1,0.2,0.2,0.64,0.1343,3.0,5.0,8.0
623,2011-01-29,4,False,6,1,0.16,0.16,0.69,0.1045,1.0,2.0,3.0
624,2011-01-29,6,False,6,1,0.16,0.16,0.64,0.1343,0.0,2.0,2.0
625,2011-01-29,7,False,6,1,0.16,0.16,0.59,0.1045,1.0,4.0,5.0
626,2011-01-29,8,False,6,1,0.18,0.18,0.55,0.1642,3.0,31.0,34.0
627,2011-01-29,9,False,6,1,0.18,0.18,0.59,0.0896,0.0,34.0,34.0
628,2011-01-29,10,False,6,2,0.18,0.18,0.64,0.1045,4.0,51.0,55.0
629,2011-01-29,11,False,6,2,0.18,0.18,0.64,0.1343,4.0,60.0,64.0
630,2011-01-29,12,False,6,2,0.2,0.2,0.59,0.194,12.0,66.0,78.0
631,2011-01-29,13,False,6,2,0.22,0.22,0.55,0.1642,9.0,56.0,65.0
632,2011-01-29,14,False,6,2,0.22,0.22,0.6,0.1343,10.0,89.0,99.0
633,2011-01-29,15,False,6,1,0.22,0.22,0.69,0.2537,4.921,98.0,120.0
634,2011-01-29,16,False,6,1,0.24,0.24,0.6,0.1642,4.921,88.0,107.0
635,2011-01-29,17,False,6,1,0.24,0.24,0.6,0.0,9.0,82.0,91.0
636,2011-01-29,18,False,6,1,0.22,0.22,0.69,0.1343,9.0,59.0,68.0
637,2011-01-29,19,False,6,2,0.22,0.22,0.69,0.2537,6.0,52.0,58.0
638,2011-01-29,20,False,6,1,0.18,0.18,0.74,0.0896,1.0,42.0,43.0
639,2011-01-29,21,False,6,1,0.18,0.18,0.74,0.0896,1.0,35.0,36.0
640,2011-01-29,22,False,6,1,0.16,0.16,0.8,0.0896,4.0,28.0,32.0
641,2011-01-29,23,False,6,1,0.16,0.16,0.8,0.0896,3.0,30.0,33.0
642,2011-01-30,0,False,0,1,0.16,0.16,0.8,0.1045,0.0,33.0,33.0
643,2011-01-30,1,False,0,1,0.14,0.14,0.8,0.0,7.0,22.0,29.0
644,2011-01-30,2,False,0,1,0.16,0.16,0.8,0.0,1.0,10.0,11.0
645,2011-01-30,3,False,0,1,0.14,0.14,0.93,0.0,1.0,7.0,8.0
646,2011-01-30,4,False,0,1,0.14,0.14,0.93,0.0,0.0,1.0,1.0
647,2011-01-30,5,False,0,1,0.14,0.14,0.86,0.0,0.0,3.0,3.0
648,2011-01-30,7,False,0,1,0.14,0.14,0.86,0.0,0.0,3.0,3.0
649,2011-01-30,8,False,0,2,0.14,0.14,0.86,0.0,1.0,11.0,12.0
650,2011-01-30,9,False,0,2,0.16,0.16,0.8,0.0,4.0,34.0,38.0
651,2011-01-30,10,False,0,2,0.18,0.18,0.8,0.0,7.0,57.0,64.0
652,2011-01-30,11,False,0,1,0.22,0.22,0.75,0.0,9.0,50.0,59.0
653,2011-01-30,12,False,0,1,0.3,0.3,0.52,0.1045,10.0,87.0,97.0
654,2011-01-30,13,False,0,1,0.28,0.28,0.61,0.1045,4.921,71.0,84.0
655,2011-01-30,14,False,0,1,0.28,0.28,0.61,0.0896,4.921,104.0,122.0
656,2011-01-30,15,False,0,1,0.3,0.3,0.56,0.0,4.921,95.0,109.0
657,2011-01-30,16,False,0,1,0.3,0.3,0.56,0.0,4.921,104.0,123.0
658,2011-01-30,17,False,0,1,0.3,0.3,0.56,0.194,6.0,71.0,77.0
659,2011-01-30,18,False,0,1,0.26,0.26,0.65,0.1642,8.0,57.0,65.0
660,2011-01-30,19,False,0,1,0.26,0.26,0.65,0.194,9.0,46.0,55.0
661,2011-01-30,20,False,0,2,0.26,0.26,0.65,0.1045,3.0,30.0,33.0
662,2011-01-30,21,False,0,2,0.24,0.24,0.7,0.1642,3.0,25.0,28.0
663,2011-01-30,22,False,0,2,0.24,0.24,0.7,0.194,2.0,19.0,21.0
664,2011-01-30,23,False,0,2,0.24,0.24,0.65,0.2836,5.0,16.0,21.0
665,2011-01-31,0,False,1,2,0.24,0.24,0.65,0.2239,1.0,6.0,7.0
666,2011-01-31,1,False,1,1,0.22,0.22,0.64,0.2537,2.0,5.0,7.0
667,2011-01-31,2,False,1,1,0.22,0.22,0.64,0.194,0.0,1.0,1.0
668,2011-01-31,3,False,1,1,0.22,0.22,0.64,0.194,0.0,2.0,2.0
669,2011-01-31,4,False,1,1,0.2,0.2,0.59,0.2239,0.0,2.0,2.0
670,2011-01-31,5,False,1,1,0.18,0.18,0.64,0.2836,0.0,8.0,8.0
671,2011-01-31,6,False,1,1,0.16,0.16,0.69,0.3284,0.0,37.0,37.0
672,2011-01-31,7,False,1,2,0.16,0.16,0.64,0.2836,1.0,71.0,72.0
673,2011-01-31,8,False,1,2,0.16,0.16,0.59,0.2836,3.0,53.383,58.304
674,2011-01-31,9,False,1,2,0.16,0.16,0.59,0.2985,0.0,112.0,112.0
675,2011-01-31,10,False,1,2,0.16,0.16,0.59,0.194,1.0,68.0,69.0
676,2011-01-31,11,False,1,2,0.16,0.16,0.59,0.194,2.0,46.0,48.0
677,2011-01-31,12,False,1,2,0.18,0.18,0.55,0.1045,6.0,62.0,68.0
678,2011-01-31,13,False,1,2,0.16,0.16,0.59,0.0,2.0,52.0,54.0
679,2011-01-31,14,False,1,2,0.18,0.18,0.55,0.1343,1.0,85.0,86.0
680,2011-01-31,15,False,1,2,0.16,0.16,0.59,0.1343,3.0,41.0,44.0
681,2011-01-31,16,False,1,2,0.16,0.16,0.56,0.194,3.0,83.0,86.0
682,2011-01-31,17,False,1,2,0.16,0.16,0.59,0.194,6.0,53.383,161.0
683,2011-01-31,18,False,1,2,0.16,0.16,0.55,0.2239,3.0,53.383,156.0
684,2011-01-31,19,False,1,1,0.3,0.3,0.61,0.1045,3.0,108.0,111.0
685,2011-01-31,20,False,1,3,0.16,0.16,0.59,0.1642,0.0,78.0,78.0
686,2011-01-31,21,False,1,3,0.16,0.16,0.59,0.0896,3.0,53.0,56.0
687,2011-01-31,22,False,1,2,0.16,0.16,0.59,0.1045,0.0,34.0,34.0
688,2011-01-31,23,False,1,2,0.16,0.16,0.64,0.0896,2.0,15.0,17.0
689,2011-01-02,0,False,2,2,0.16,0.16,0.64,0.1045,2.0,6.0,8.0
690,2011-01-02,1,False,2,2,0.16,0.16,0.69,0.1045,0.0,3.0,3.0
691,2011-01-02,2,False,2,2,0.16,0.16,0.69,0.0,0.0,2.0,2.0
692,2011-01-02,3,False,2,2,0.16,0.16,0.69,0.0,0.0,2.0,2.0
693,2011-01-02,5,False,2,3,0.14,0.14,0.93,0.0,0.0,3.0,3.0
694,2011-01-02,6,False,2,3,0.14,0.14,0.93,0.0,0.0,22.0,22.0
695,2011-01-02,7,False,2,3,0.16,0.16,0.93,0.0,0.0,52.0,52.0
696,2011-01-02,8,False,2,3,0.16,0.16,0.93,0.0,3.0,132.0,135.0
697,2011-01-02,9,False,2,2,0.16,0.16,0.93,0.0,2.0,114.0,116.0
698,2011-01-02,10,False,2,2,0.16,0.16,0.93,0.0,0.0,47.0,47.0
699,2011-01-02,11,False,2,2,0.18,0.18,0.86,0.0,2.0,49.0,51.0
700,2011-01-02,12,False,2,2,0.2,0.2,0.86,0.0,2.0,53.0,55.0
701,2011-01-02,13,False,2,2,0.2,0.2,0.86,0.0,3.0,49.0,52.0
702,2011-01-02,14,False,2,2,0.22,0.22,0.8,0.0896,5.0,49.0,54.0
703,2011-01-02,15,False,2,2,0.24,0.24,0.75,0.0,7.0,45.0,52.0
704,2011-01-02,16,False,2,2,0.24,0.24,0.75,0.1343,3.0,61.0,64.0
705,2011-01-02,17,False,2,2,0.24,0.24,0.75,0.0,4.0,53.383,58.304
706,2011-01-02,18,False,2,2,0.24,0.24,0.81,0.1045,3.0,53.383,58.304
707,2011-01-02,19,False,2,2,0.24,0.24,0.81,0.1343,3.0,105.0,108.0
708,2011-01-02,20,False,2,2,0.22,0.22,0.87,0.1343,5.0,69.0,74.0
709,2011-01-02,21,False,2,2,0.22,0.22,0.87,0.1343,0.0,64.0,64.0
710,2011-01-02,22,False,2,2,0.22,0.22,0.87,0.0896,2.0,34.0,36.0
711,2011-01-02,23,False,2,3,0.2,0.2,0.93,0.194,1.0,15.0,16.0
712,2011-02-02,0,False,3,3,0.22,0.22,0.93,0.1045,0.0,2.0,2.0
713,2011-02-02,1,False,3,3,0.22,0.22,0.93,0.194,0.0,3.0,3.0
714,2011-02-02,2,False,3,3,0.22,0.22,0.93,0.1343,4.0,0.0,4.0
715,2011-02-02,3,False,3,3,0.22,0.22,0.93,0.1343,0.0,1.0,1.0
716,2011-02-02,4,False,3,3,0.22,0.22,0.93,0.2836,0.0,1.0,1.0
717,2011-02-02,5,False,3,3,0.22,0.22,0.93,0.1045,0.0,3.0,3.0
718,2011-02-02,6,False,3,3,0.22,0.22,0.93,0.1045,1.0,17.0,18.0
719,2011-02-02,7,False,3,3,0.22,0.22,0.93,0.2239,1.0,48.0,49.0
720,2011-02-02,8,False,3,3,0.22,0.22,0.93,0.2239,1.0,53.383,155.0
721,2011-02-02,9,False,3,2,0.24,0.24,0.93,0.0896,4.0,119.0,123.0
722,2011-02-02,10,False,3,2,0.22,0.22,1.0,0.0,2.0,59.0,61.0
723,2011-02-02,11,False,3,2,0.24,0.24,0.93,0.194,5.0,47.0,52.0
724,2011-02-02,12,False,3,2,0.24,0.24,0.93,0.2239,3.0,61.0,64.0
725,2011-02-02,13,False,3,1,0.34,0.34,0.93,0.1642,1.0,74.0,75.0
726,2011-02-02,14,False,3,1,0.20590000000000003,0.20590000000000003,0.82,0.3881,2.0,61.0,63.0
727,2011-02-02,15,False,3,1,0.20590000000000003,0.20590000000000003,0.76,0.3284,10.0,66.0,76.0
728,2011-02-02,16,False,3,1,0.36,0.36,0.71,0.2985,8.0,95.0,103.0
729,2011-02-02,17,False,3,1,0.36,0.36,0.53,0.5224,7.0,53.383,58.304
730,2011-02-02,18,False,3,1,0.34,0.34,0.42,0.5522,7.0,53.383,58.304
731,2011-02-02,19,False,3,1,0.28,0.28,0.45,0.4925,3.0,88.0,91.0
732,2011-02-02,20,False,3,1,0.24,0.24,0.48,0.5522,4.0,71.0,75.0
733,2011-02-02,21,False,3,1,0.22,0.22,0.47,0.3284,1.0,62.0,63.0
734,2011-02-02,22,False,3,1,0.22,0.22,0.44,0.2537,5.0,35.0,40.0
735,2011-02-02,23,False,3,1,0.2,0.2,0.44,0.4478,3.0,29.0,32.0
736,2011-03-02,0,False,4,1,0.2,0.2,0.4,0.4478,1.0,11.0,12.0
737,2011-03-02,1,False,4,1,0.2,0.2,0.44,0.5224,0.0,5.0,5.0
738,2011-03-02,2,False,4,1,0.18,0.18,0.43,0.2537,0.0,2.0,2.0
739,2011-03-02,3,False,4,1,0.18,0.18,0.43,0.2537,0.0,1.0,1.0
740,2011-03-02,5,False,4,1,0.16,0.16,0.5,0.2985,0.0,2.0,2.0
741,2011-03-02,6,False,4,1,0.16,0.16,0.43,0.3582,0.0,39.0,39.0
742,2011-03-02,7,False,4,1,0.14,0.14,0.5,0.3284,1.0,86.0,87.0
743,2011-03-02,8,False,4,1,0.14,0.14,0.5,0.3582,4.0,53.383,58.304
744,2011-03-02,9,False,4,1,0.16,0.16,0.47,0.2985,6.0,127.0,133.0
745,2011-03-02,10,False,4,1,0.18,0.18,0.43,0.3284,2.0,50.0,52.0
746,2011-03-02,11,False,4,1,0.18,0.18,0.43,0.4478,9.0,55.0,64.0
747,2011-03-02,12,False,4,1,0.2,0.2,0.4,0.3582,2.0,67.0,69.0
748,2011-03-02,13,False,4,1,0.2,0.2,0.4,0.4179,4.0,47.0,51.0
749,2011-03-02,14,False,4,1,0.22,0.22,0.37,0.3881,4.0,43.0,47.0
750,2011-03-02,15,False,4,1,0.22,0.22,0.37,0.3284,4.0,56.0,60.0
751,2011-03-02,16,False,4,1,0.22,0.22,0.37,0.2537,5.0,73.0,78.0
752,2011-03-02,17,False,4,1,0.2,0.2,0.4,0.194,5.0,53.383,58.304
753,2011-03-02,18,False,4,1,0.2,0.2,0.4,0.1642,2.0,53.383,147.0
754,2011-03-02,19,False,4,1,0.2,0.2,0.4,0.0,4.0,92.0,96.0
755,2011-03-02,20,False,4,1,0.2,0.2,0.47,0.0896,1.0,108.0,109.0
756,2011-03-02,21,False,4,1,0.18,0.18,0.55,0.1045,1.0,53.0,54.0
757,2011-03-02,22,False,4,1,0.18,0.18,0.51,0.0896,2.0,39.0,41.0
758,2011-03-02,23,False,4,1,0.2,0.2,0.47,0.1045,4.0,34.0,38.0
759,2011-04-02,0,False,5,2,0.2,0.2,0.44,0.0,3.0,10.0,13.0
760,2011-04-02,1,False,5,2,0.16,0.16,0.59,0.0,0.0,7.0,7.0
761,2011-04-02,2,False,5,2,0.14,0.14,0.63,0.1045,0.0,1.0,1.0
762,2011-04-02,3,False,5,2,0.14,0.14,0.63,0.1045,0.0,1.0,1.0
763,2011-04-02,5,False,5,2,0.14,0.14,0.63,0.1343,0.0,7.0,7.0
764,2011-04-02,6,False,5,2,0.16,0.16,0.55,0.0,2.0,26.0,28.0
765,2011-04-02,7,False,5,1,0.14,0.14,0.59,0.0,0.0,87.0,87.0
766,2011-04-02,8,False,5,1,0.14,0.14,0.74,0.1343,3.0,53.383,58.304
767,2011-04-02,9,False,5,2,0.16,0.16,0.8,0.1343,3.0,124.0,127.0
768,2011-04-02,10,False,5,2,0.2,0.2,0.51,0.1343,5.0,46.0,51.0
769,2011-04-02,11,False,5,1,0.22,0.22,0.51,0.1642,3.0,61.0,64.0
770,2011-04-02,12,False,5,2,0.24,0.24,0.48,0.1642,8.0,78.0,86.0
771,2011-04-02,13,False,5,2,0.26,0.26,0.5,0.2239,9.0,73.0,82.0
772,2011-04-02,14,False,5,2,0.28,0.28,0.45,0.1642,4.921,76.0,91.0
773,2011-04-02,15,False,5,2,0.28,0.28,0.48,0.2537,9.0,81.0,90.0
774,2011-04-02,16,False,5,2,0.3,0.3,0.42,0.2239,8.0,91.0,99.0
775,2011-04-02,17,False,5,2,0.26,0.26,0.56,0.1343,10.0,53.383,58.304
776,2011-04-02,18,False,5,2,0.24,0.24,0.6,0.1045,3.0,53.383,155.0
777,2011-04-02,19,False,5,2,0.24,0.24,0.65,0.1343,1.0,102.0,103.0
778,2011-04-02,20,False,5,2,0.24,0.24,0.65,0.1642,2.0,69.0,71.0
779,2011-04-02,21,False,5,2,0.24,0.24,0.7,0.1642,2.0,41.0,43.0
780,2011-04-02,22,False,5,2,0.24,0.24,0.65,0.1642,1.0,45.0,46.0
781,2011-04-02,23,False,5,2,0.24,0.24,0.7,0.1343,1.0,30.0,31.0
782,2011-05-02,0,False,6,2,0.24,0.24,0.7,0.1642,3.0,36.0,39.0
783,2011-05-02,1,False,6,2,0.24,0.24,0.65,0.1642,1.0,17.0,18.0
784,2011-05-02,2,False,6,2,0.24,0.24,0.75,0.1642,5.0,12.0,17.0
785,2011-05-02,3,False,6,2,0.24,0.24,0.75,0.1642,1.0,10.0,11.0
786,2011-05-02,4,False,6,3,0.22,0.22,0.93,0.1343,0.0,8.0,8.0
787,2011-05-02,5,False,6,3,0.2,0.2,1.0,0.0896,0.0,9.0,9.0
788,2011-05-02,6,False,6,3,0.2,0.2,1.0,0.0,0.0,4.0,4.0
789,2011-05-02,7,False,6,3,0.22,0.22,0.93,0.0896,0.0,4.0,4.0
790,2011-05-02,8,False,6,3,0.2,0.2,1.0,0.0896,0.0,10.0,10.0
791,2011-05-02,9,False,6,3,0.2,0.2,1.0,0.0896,3.0,17.0,20.0
792,2011-05-02,10,False,6,3,0.2,0.2,1.0,0.1343,3.0,31.0,34.0
793,2011-05-02,11,False,6,3,0.22,0.22,1.0,0.1343,1.0,46.0,47.0
794,2011-05-02,12,False,6,3,0.22,0.22,1.0,0.1642,10.0,42.0,52.0
795,2011-05-02,13,False,6,3,0.22,0.22,1.0,0.1642,10.0,62.0,72.0
796,2011-05-02,14,False,6,3,0.22,0.22,1.0,0.0,5.0,50.0,55.0
797,2011-05-02,15,False,6,3,0.22,0.22,1.0,0.0,11.0,49.0,60.0
798,2011-05-02,16,False,6,3,0.22,0.22,1.0,0.1343,8.0,63.0,71.0
799,2011-05-02,17,False,6,2,0.24,0.24,1.0,0.2836,4.921,64.0,78.0
800,2011-05-02,18,False,6,2,0.28,0.28,0.93,0.4478,2.0,81.0,83.0
801,2011-05-02,19,False,6,2,0.28,0.28,0.93,0.4478,6.0,78.0,84.0
802,2011-05-02,20,False,6,1,0.3,0.3,0.87,0.2537,5.0,64.0,69.0
803,2011-05-02,21,False,6,1,0.26,0.26,1.0,0.194,3.0,53.0,56.0
804,2011-05-02,22,False,6,1,0.26,0.26,0.93,0.1343,2.0,43.0,45.0
805,2011-05-02,23,False,6,1,0.26,0.26,0.93,0.2239,7.0,52.0,59.0
806,2011-06-02,0,False,0,1,0.26,0.26,0.7,0.194,2.0,37.0,39.0
807,2011-06-02,1,False,0,1,0.26,0.26,0.65,0.4179,4.0,40.0,44.0
808,2011-06-02,2,False,0,1,0.26,0.26,0.6,0.3284,0.0,20.0,20.0
809,2011-06-02,3,False,0,1,0.26,0.26,0.6,0.0896,3.0,10.0,13.0
810,2011-06-02,4,False,0,1,0.26,0.26,0.6,0.3582,0.0,2.0,2.0
811,2011-06-02,5,False,0,1,0.26,0.26,0.6,0.2239,0.0,1.0,1.0
812,2011-06-02,6,False,0,1,0.26,0.26,0.6,0.2239,0.0,1.0,1.0
813,2011-06-02,7,False,0,1,0.24,0.24,0.65,0.1642,0.0,8.0,8.0
814,2011-06-02,8,False,0,1,0.24,0.24,0.65,0.1045,2.0,21.0,23.0
815,2011-06-02,9,False,0,1,0.28,0.28,0.56,0.1045,7.0,38.0,45.0
816,2011-06-02,10,False,0,1,0.3,0.3,0.52,0.2537,4.921,74.0,89.0
817,2011-06-02,11,False,0,1,0.32,0.32,0.49,0.2537,4.921,89.0,117.0
818,2011-06-02,12,False,0,1,0.34,0.34,0.46,0.0,4.921,126.0,58.304
819,2011-06-02,13,False,0,1,0.34,0.34,0.46,0.0,4.921,135.0,58.304
820,2011-06-02,14,False,0,1,0.34,0.34,0.46,0.0896,4.921,114.0,161.0
821,2011-06-02,15,False,0,1,0.34,0.34,0.46,0.0896,4.921,130.0,58.304
822,2011-06-02,16,False,0,1,0.34,0.34,0.49,0.1045,4.921,115.0,157.0
823,2011-06-02,17,False,0,1,0.34,0.34,0.46,0.0,4.921,97.0,121.0
824,2011-06-02,18,False,0,1,0.3,0.3,0.56,0.1642,4.921,65.0,78.0
825,2011-06-02,19,False,0,1,0.28,0.28,0.61,0.1343,1.0,20.0,21.0
826,2011-06-02,20,False,0,1,0.28,0.28,0.61,0.1045,5.0,21.0,26.0
827,2011-06-02,21,False,0,1,0.26,0.26,0.6,0.0,5.0,22.0,27.0
828,2011-06-02,22,False,0,1,0.26,0.26,0.6,0.0,5.0,57.0,62.0
829,2011-06-02,23,False,0,1,0.24,0.24,0.65,0.0,4.0,26.0,30.0
830,2011-07-02,0,False,1,1,0.24,0.24,0.65,0.0,1.0,14.0,15.0
831,2011-07-02,1,False,1,1,0.22,0.22,0.75,0.0,1.0,4.0,5.0
832,2011-07-02,2,False,1,1,0.2,0.2,0.8,0.0,0.0,3.0,3.0
833,2011-07-02,3,False,1,1,0.2,0.2,0.86,0.0,0.0,1.0,1.0
834,2011-07-02,4,False,1,1,0.2,0.2,0.86,0.0,1.0,1.0,2.0
835,2011-07-02,5,False,1,1,0.2,0.2,0.86,0.0,1.0,9.0,10.0
836,2011-07-02,6,False,1,1,0.18,0.18,0.93,0.0,1.0,29.0,30.0
837,2011-07-02,7,False,1,1,0.18,0.18,0.86,0.0,6.0,89.0,95.0
838,2011-07-02,8,False,1,2,0.16,0.16,1.0,0.0,7.0,53.383,58.304
839,2011-07-02,9,False,1,1,0.22,0.22,0.8,0.0,3.0,115.0,118.0
840,2011-07-02,10,False,1,1,0.24,0.24,0.75,0.1045,6.0,49.0,55.0
841,2011-07-02,11,False,1,1,0.3,0.3,0.65,0.0896,11.0,36.0,47.0
842,2011-07-02,12,False,1,2,0.32,0.32,0.62,0.0,7.0,59.0,66.0
843,2011-07-02,13,False,1,2,0.36,0.36,0.57,0.0896,10.0,54.0,64.0
844,2011-07-02,14,False,1,2,0.36,0.36,0.57,0.0896,8.0,52.0,60.0
845,2011-07-02,15,False,1,2,0.20590000000000003,0.20590000000000003,0.54,0.0896,4.0,46.0,50.0
846,2011-07-02,16,False,1,2,0.36,0.36,0.57,0.1343,4.921,98.0,114.0
847,2011-07-02,17,False,1,2,0.32,0.32,0.7,0.1642,9.0,53.383,58.304
848,2011-07-02,18,False,1,2,0.34,0.34,0.66,0.1343,5.0,53.383,58.304
849,2011-07-02,19,False,1,2,0.32,0.32,0.7,0.0,5.0,123.0,128.0
850,2011-07-02,20,False,1,2,0.32,0.32,0.7,0.1045,6.0,82.0,88.0
851,2011-07-02,21,False,1,1,0.32,0.32,0.7,0.0,3.0,75.0,78.0
852,2011-07-02,22,False,1,1,0.28,0.28,0.81,0.0896,3.0,34.0,37.0
853,2011-07-02,23,False,1,2,0.3,0.3,0.81,0.0,6.0,19.0,25.0
854,2011-08-02,0,False,2,2,0.28,0.28,0.87,0.0,4.0,6.0,10.0
855,2011-08-02,1,False,2,2,0.28,0.28,0.87,0.0,0.0,4.0,4.0
856,2011-08-02,2,False,2,2,0.26,0.26,0.93,0.1045,1.0,1.0,2.0
857,2011-08-02,3,False,2,3,0.28,0.28,0.93,0.1642,0.0,1.0,1.0
858,2011-08-02,4,False,2,1,0.26,0.26,0.93,0.1642,0.0,3.0,3.0
859,2011-08-02,5,False,2,1,0.26,0.26,0.81,0.3284,0.0,2.0,2.0
860,2011-08-02,6,False,2,1,0.26,0.26,0.7,0.3284,0.0,39.0,39.0
861,2011-08-02,7,False,2,1,0.24,0.24,0.65,0.4179,3.0,97.0,100.0
862,2011-08-02,8,False,2,1,0.24,0.24,0.56,0.4925,7.0,53.383,58.304
863,2011-08-02,9,False,2,1,0.24,0.24,0.52,0.4925,7.0,128.0,135.0
864,2011-08-02,10,False,2,1,0.22,0.22,0.47,0.5522,4.0,44.0,48.0
865,2011-08-02,11,False,2,1,0.22,0.22,0.47,0.4627,1.0,49.0,50.0
866,2011-08-02,12,False,2,1,0.24,0.24,0.38,0.4925,2.0,63.0,65.0
867,2011-08-02,13,False,2,2,0.24,0.24,0.32,0.4478,2.0,48.0,50.0
868,2011-08-02,14,False,2,1,0.22,0.22,0.37,0.4179,3.0,61.0,64.0
869,2011-08-02,15,False,2,1,0.22,0.22,0.35,0.3881,6.0,45.0,51.0
870,2011-08-02,16,False,2,1,0.22,0.22,0.35,0.5224,4.0,79.0,83.0
871,2011-08-02,17,False,2,1,0.22,0.22,0.32,0.5821,4.0,53.383,58.304
872,2011-08-02,18,False,2,1,0.2,0.2,0.32,0.3881,1.0,53.383,152.0
873,2011-08-02,19,False,2,1,0.16,0.16,0.4,0.4627,1.0,100.0,101.0
874,2011-08-02,20,False,2,1,0.16,0.16,0.4,0.3284,3.0,53.0,56.0
875,2011-08-02,21,False,2,1,0.14,0.14,0.33,0.4627,8.0,46.0,54.0
876,2011-08-02,22,False,2,1,0.12,0.12,0.33,0.3582,0.0,29.0,29.0
877,2011-08-02,23,False,2,1,0.12,0.12,0.33,0.3284,3.0,9.0,12.0
878,2011-09-02,0,False,3,1,0.1,0.1,0.36,0.3582,0.0,17.0,17.0
879,2011-09-02,1,False,3,1,0.1,0.1,0.36,0.2239,0.0,7.0,7.0
880,2011-09-02,2,False,3,1,0.08,0.08,0.38,0.2836,1.0,2.0,3.0
881,2011-09-02,3,False,3,1,0.06,0.06,0.45,0.1343,0.0,2.0,2.0
882,2011-09-02,5,False,3,1,0.06,0.06,0.45,0.1045,0.0,7.0,7.0
883,2011-09-02,6,False,3,1,0.06,0.06,0.45,0.0,0.0,43.0,43.0
884,2011-09-02,7,False,3,1,0.06,0.06,0.49,0.1045,4.0,95.0,99.0
885,2011-09-02,8,False,3,1,0.1,0.1,0.42,0.0,1.0,53.383,58.304
886,2011-09-02,9,False,3,1,0.12,0.12,0.39,0.1642,4.0,119.0,123.0
887,2011-09-02,10,False,3,1,0.14,0.14,0.36,0.0,8.0,51.0,59.0
888,2011-09-02,11,False,3,2,0.14,0.14,0.43,0.1642,1.0,40.0,41.0
889,2011-09-02,12,False,3,2,0.18,0.18,0.4,0.2239,4.0,57.0,61.0
890,2011-09-02,13,False,3,1,0.18,0.18,0.4,0.2537,2.0,67.0,69.0
891,2011-09-02,14,False,3,1,0.2,0.2,0.34,0.2985,2.0,56.0,58.0
892,2011-09-02,15,False,3,2,0.2,0.2,0.34,0.2836,3.0,61.0,64.0
893,2011-09-02,16,False,3,2,0.2,0.2,0.37,0.2537,7.0,72.0,79.0
894,2011-09-02,17,False,3,2,0.2,0.2,0.34,0.2537,9.0,53.383,58.304
895,2011-09-02,18,False,3,2,0.18,0.18,0.47,0.2985,2.0,53.383,58.304
896,2011-09-02,19,False,3,3,0.14,0.14,0.86,0.2537,1.0,87.0,88.0
897,2011-09-02,20,False,3,3,0.14,0.14,0.86,0.1642,0.0,84.0,84.0
898,2011-09-02,21,False,3,2,0.14,0.14,0.86,0.1642,0.0,83.0,83.0
899,2011-09-02,22,False,3,3,0.16,0.16,0.8,0.1642,4.0,42.0,46.0
900,2011-09-02,23,False,3,3,0.16,0.16,0.8,0.194,0.0,37.0,37.0
901,2011-10-02,0,False,4,3,0.14,0.14,0.86,0.194,0.0,16.0,16.0
902,2011-10-02,1,False,4,3,0.14,0.14,0.8,0.1343,0.0,7.0,7.0
903,2011-10-02,2,False,4,3,0.14,0.14,0.8,0.1343,0.0,3.0,3.0
904,2011-10-02,4,False,4,2,0.14,0.14,0.59,0.2239,0.0,1.0,1.0
905,2011-10-02,5,False,4,2,0.12,0.12,0.5,0.2239,0.0,6.0,6.0
906,2011-10-02,6,False,4,2,0.12,0.12,0.54,0.2836,0.0,26.0,26.0
907,2011-10-02,7,False,4,1,0.1,0.1,0.5,0.4179,0.0,99.0,99.0
908,2011-10-02,8,False,4,1,0.1,0.1,0.49,0.3284,5.0,53.383,58.304
909,2011-10-02,9,False,4,1,0.12,0.12,0.42,0.3582,1.0,121.0,122.0
910,2011-10-02,10,False,4,1,0.12,0.12,0.42,0.2985,1.0,34.0,35.0
911,2011-10-02,11,False,4,1,0.14,0.14,0.39,0.3582,1.0,44.0,45.0
912,2011-10-02,12,False,4,1,0.16,0.16,0.34,0.3881,4.0,65.0,69.0
913,2011-10-02,13,False,4,1,0.18,0.18,0.29,0.2985,3.0,59.0,62.0
914,2011-10-02,14,False,4,1,0.2,0.2,0.27,0.2836,6.0,42.0,48.0
915,2011-10-02,15,False,4,1,0.2,0.2,0.25,0.2537,0.0,50.0,50.0
916,2011-10-02,16,False,4,1,0.2,0.2,0.27,0.2985,4.0,76.0,80.0
917,2011-10-02,17,False,4,1,0.18,0.18,0.26,0.194,6.0,53.383,58.304
918,2011-10-02,18,False,4,1,0.16,0.16,0.28,0.1343,3.0,53.383,160.0
919,2011-10-02,19,False,4,1,0.14,0.14,0.28,0.1045,2.0,110.0,112.0
920,2011-10-02,20,False,4,1,0.14,0.14,0.31,0.0896,4.0,93.0,97.0
921,2011-10-02,21,False,4,1,0.14,0.14,0.39,0.0,2.0,70.0,72.0
922,2011-10-02,22,False,4,1,0.12,0.12,0.39,0.0,4.0,47.0,51.0
923,2011-10-02,23,False,4,1,0.12,0.12,0.42,0.1045,1.0,33.0,34.0
924,2011-11-02,0,False,5,1,0.1,0.1,0.49,0.1045,2.0,12.0,14.0
925,2011-11-02,1,False,5,1,0.1,0.1,0.54,0.0896,1.0,6.0,7.0
926,2011-11-02,2,False,5,1,0.1,0.1,0.54,0.0896,0.0,3.0,3.0
927,2011-11-02,5,False,5,1,0.08,0.08,0.63,0.0896,0.0,4.0,4.0
928,2011-11-02,6,False,5,1,0.1,0.1,0.68,0.0,1.0,23.0,24.0
929,2011-11-02,7,False,5,1,0.08,0.08,0.73,0.0,1.0,73.0,74.0
930,2011-11-02,8,False,5,1,0.1,0.1,0.74,0.1642,4.0,53.383,58.304
931,2011-11-02,9,False,5,1,0.12,0.12,0.74,0.2239,8.0,132.0,140.0
932,2011-11-02,10,False,5,1,0.14,0.14,0.69,0.194,5.0,39.0,44.0
933,2011-11-02,11,False,5,1,0.22,0.22,0.47,0.1343,12.0,52.0,64.0
934,2011-11-02,12,False,5,1,0.22,0.22,0.47,0.1343,7.0,64.0,71.0
935,2011-11-02,13,False,5,1,0.24,0.24,0.35,0.194,4.921,89.0,110.0
936,2011-11-02,14,False,5,1,0.3,0.3,0.26,0.2537,4.921,67.0,84.0
937,2011-11-02,15,False,5,1,0.32,0.32,0.21,0.1642,12.0,62.0,74.0
938,2011-11-02,16,False,5,1,0.3,0.3,0.28,0.194,4.921,111.0,125.0
939,2011-11-02,17,False,5,1,0.3,0.3,0.24,0.0,4.921,53.383,58.304
940,2011-11-02,18,False,5,1,0.28,0.28,0.28,0.0,9.0,53.383,58.304
941,2011-11-02,19,False,5,1,0.26,0.26,0.33,0.0,7.0,94.0,101.0
942,2011-11-02,20,False,5,1,0.22,0.22,0.55,0.1343,2.0,61.0,63.0
943,2011-11-02,21,False,5,1,0.2,0.2,0.59,0.1343,1.0,46.0,47.0
944,2011-11-02,22,False,5,1,0.2,0.2,0.64,0.0896,2.0,41.0,43.0
945,2011-11-02,23,False,5,1,0.18,0.18,0.69,0.0,5.0,48.0,53.0
946,2011-12-02,0,False,6,1,0.16,0.16,0.69,0.0896,3.0,27.0,30.0
947,2011-12-02,1,False,6,1,0.14,0.14,0.86,0.0,2.0,22.0,24.0
948,2011-12-02,2,False,6,1,0.14,0.14,0.8,0.0,2.0,13.0,15.0
949,2011-12-02,3,False,6,1,0.12,0.12,0.8,0.0,3.0,7.0,10.0
950,2011-12-02,4,False,6,1,0.12,0.12,0.74,0.0896,0.0,4.0,4.0
951,2011-12-02,5,False,6,1,0.12,0.12,0.74,0.0896,0.0,1.0,1.0
952,2011-12-02,6,False,6,1,0.12,0.12,0.93,0.194,1.0,1.0,2.0
953,2011-12-02,7,False,6,1,0.12,0.12,0.8,0.1045,2.0,9.0,11.0
954,2011-12-02,8,False,6,1,0.14,0.14,0.86,0.1343,2.0,28.0,30.0
955,2011-12-02,9,False,6,1,0.16,0.16,0.64,0.1343,5.0,38.0,43.0
956,2011-12-02,10,False,6,1,0.22,0.22,0.41,0.2537,4.921,71.0,84.0
957,2011-12-02,11,False,6,1,0.3,0.3,0.28,0.3284,4.921,84.0,114.0
958,2011-12-02,12,False,6,1,0.3,0.3,0.39,0.4627,4.921,93.0,120.0
959,2011-12-02,13,False,6,1,0.3,0.3,0.39,0.4179,4.921,103.0,135.0
960,2011-12-02,14,False,6,1,0.34,0.34,0.31,0.2836,4.921,90.0,120.0
961,2011-12-02,15,False,6,1,0.34,0.34,0.29,0.4179,4.921,127.0,58.304
962,2011-12-02,16,False,6,1,0.34,0.34,0.29,0.4179,4.921,103.0,145.0
963,2011-12-02,17,False,6,1,0.32,0.32,0.31,0.5224,4.921,113.0,137.0
964,2011-12-02,18,False,6,1,0.28,0.28,0.38,0.3284,4.0,60.0,64.0
965,2011-12-02,19,False,6,1,0.28,0.28,0.38,0.1642,2.0,39.0,41.0
966,2011-12-02,20,False,6,1,0.26,0.26,0.41,0.2239,1.0,39.0,40.0
967,2011-12-02,21,False,6,1,0.26,0.26,0.41,0.0,9.0,42.0,51.0
968,2011-12-02,22,False,6,1,0.24,0.24,0.44,0.0896,6.0,39.0,45.0
969,2011-12-02,23,False,6,1,0.22,0.22,0.51,0.1343,1.0,31.0,32.0
970,2011-02-13,0,False,0,1,0.2,0.2,0.64,0.1045,5.0,34.0,39.0
971,2011-02-13,1,False,0,1,0.2,0.2,0.59,0.0896,1.0,23.0,24.0
972,2011-02-13,2,False,0,2,0.2,0.2,0.75,0.0896,1.0,19.0,20.0
973,2011-02-13,3,False,0,2,0.2,0.2,0.69,0.1045,4.0,8.0,12.0
974,2011-02-13,4,False,0,2,0.2,0.2,0.69,0.1642,0.0,2.0,2.0
975,2011-02-13,6,False,0,2,0.2,0.2,0.69,0.1343,2.0,3.0,5.0
976,2011-02-13,7,False,0,2,0.22,0.22,0.55,0.0,0.0,3.0,3.0
977,2011-02-13,8,False,0,2,0.22,0.22,0.64,0.194,1.0,11.0,12.0
978,2011-02-13,9,False,0,2,0.24,0.24,0.6,0.2239,12.0,35.0,47.0
979,2011-02-13,10,False,0,1,0.3,0.3,0.45,0.3284,4.921,86.0,105.0
980,2011-02-13,11,False,0,1,0.32,0.32,0.39,0.4478,4.921,86.0,112.0
981,2011-02-13,12,False,0,1,0.36,0.36,0.32,0.4627,4.921,94.0,152.0
982,2011-02-13,13,False,0,1,0.20590000000000003,0.20590000000000003,0.29,0.3582,4.921,92.0,154.0
983,2011-02-13,14,False,0,2,0.20590000000000003,0.20590000000000003,0.3,0.4179,4.921,110.0,161.0
984,2011-02-13,15,False,0,2,0.20590000000000003,0.20590000000000003,0.3,0.2985,4.921,122.0,58.304
985,2011-02-13,16,False,0,2,0.20590000000000003,0.20590000000000003,0.28,0.3284,4.921,106.0,134.0
986,2011-02-13,17,False,0,1,0.20590000000000003,0.20590000000000003,0.28,0.3284,4.921,95.0,125.0
987,2011-02-13,18,False,0,1,0.20590000000000003,0.20590000000000003,0.32,0.2985,4.921,78.0,95.0
988,2011-02-13,19,False,0,1,0.20590000000000003,0.20590000000000003,0.35,0.2836,11.0,50.0,61.0
989,2011-02-13,20,False,0,1,0.20590000000000003,0.20590000000000003,0.35,0.3284,4.921,32.0,47.0
990,2011-02-13,21,False,0,1,0.20590000000000003,0.20590000000000003,0.35,0.3582,6.0,45.0,51.0
991,2011-02-13,22,False,0,1,0.20590000000000003,0.20590000000000003,0.35,0.2985,5.0,31.0,36.0
992,2011-02-13,23,False,0,1,0.20590000000000003,0.20590000000000003,0.35,0.3582,3.0,27.0,30.0
993,2011-02-14,0,False,1,1,0.20590000000000003,0.20590000000000003,0.37,0.3582,3.0,8.0,11.0
994,2011-02-14,1,False,1,1,0.20590000000000003,0.20590000000000003,0.37,0.3582,1.0,6.0,7.0
995,2011-02-14,2,False,1,1,0.36,0.36,0.4,0.2985,0.0,2.0,2.0
996,2011-02-14,3,False,1,1,0.34,0.34,0.46,0.2239,1.0,1.0,2.0
997,2011-02-14,4,False,1,1,0.32,0.32,0.53,0.2836,0.0,2.0,2.0
998,2011-02-14,5,False,1,1,0.32,0.32,0.53,0.2836,0.0,3.0,3.0
999,2011-02-14,6,False,1,1,0.34,0.34,0.46,0.2985,1.0,25.0,26.0
1000,2011-02-14,7,False,1,1,0.34,0.34,0.46,0.2985,2.0,96.0,98.0
611,2011-01-28,16,False,5,1,0.22,0.22,0.8,0.0,10.0,70.0,80.0
612,2011-01-28,17,False,5,1,0.24,0.24,0.75,0.1343,2.0,53.383,149.0
613,2011-01-28,18,False,5,1,0.24,0.24,0.75,0.194,2.0,107.0,109.0
614,2011-01-28,19,False,5,2,0.24,0.24,0.75,0.1343,5.0,84.0,89.0
615,2011-01-28,20,False,5,2,0.24,0.24,0.7,0.194,1.0,61.0,62.0
616,2011-01-28,21,False,5,2,0.22,0.22,0.75,0.1343,1.0,57.0,58.0
617,2011-01-28,22,False,5,1,0.24,0.24,0.65,0.3582,0.0,26.0,26.0
618,2011-01-28,23,False,5,1,0.24,0.24,0.6,0.2239,1.0,22.0,23.0
619,2011-01-29,0,False,6,1,0.22,0.22,0.64,0.3582,2.0,26.0,28.0
